,fighter,final_elo
0,Gerard Gordeau,1516.0338330211207
1,Teila Tuli,1484.0
2,Royce Gracie,1621.3460613345958
3,Jason DeLucia,1501.6274615581415
4,Trent Jenkins,1468.739487472835
5,Ken Shamrock,1523.7721194800467
6,Kevin Rosier,1483.265326376404
7,Zane Frazier,1467.9645412643724
8,Patrick Smith,1535.0143962598768
9,Art Jimmerson,1485.4679565897213
10,Remco Pardoel,1518.891117487435
11,Johnny Rhodes,1515.4555374326426
12,Orlando Wiet,1500.153079518561
13,Fred Ettish,1483.2007477998236
14,Scott Morris,1500.1894475215065
15,Minoki Ichihara,1487.8946393242716
16,Scott Baker,1484.1196026571745
17,Alberta Cerra Leon,1484.1533594530981
18,Robert Lucarelli,1483.235602915442
19,Frank Hamaker,1516.0
20,Thaddeus Luster,1484.0
21,David Levicki,1483.9737161812316
22,Ray Wizard,1484.1897715764983
23,Sean Daugherty,1483.2373543844374
24,Steve Jennum,1513.9280042813036
25,Harold Howard,1483.9324157594533
26,Felix Lee Mitchell,1454.3786408153537
27,Christophe Leninger,1471.5826305858245
28,Roland Payne,1483.263693206478
29,Keith Hackney,1504.8865111972111
30,Emmanuel Yarborough,1484.0
31,Kimo Leopoldo,1481.415359354648
32,Dan Severn,1570.534342585599
33,Marcus Bossett,1484.2139348653652
34,Melton Bowen,1484.736306793522
35,Anthony Macias,1487.1680972835238
36,Ron van Clief,1489.8180612118472
37,Guy Mezger,1541.2901844968994
38,Jason Fairn,1484.0
39,Eldo Xavier Dias,1483.2402179528988
40,Joe Charles,1502.8254796918031
41,Joe Son,1484.2163034005334
42,Oleg Taktarov,1562.9319502081019
43,Dave Beneteau,1505.473879455884
44,Todd Medina,1500.1066559385263
45,John Dowdy,1484.736306793522
46,Ernie Verdicia,1483.308432869138
47,Larry Cureton,1469.4712002011793
48,Jon Hess,1516.0
49,Andy Anderson,1484.0
50,Asbel Cancio,1484.1068671513935
51,David Abbott,1469.0203033092344
52,Paul Varelans,1501.3352141565015
53,Rudyard Moncayo,1484.916862840055
54,Cal Worsham,1484.2844196615065
55,John Matua,1484.0372769141597
56,He-Man Gipson,1482.6118124694822
57,Joel Sutton,1531.263693206478
58,Jack McGlaughlin,1484.0
59,Marco Ruas,1527.002621810817
60,Mark Hall,1517.594312397004
61,Geza Kalman,1501.4387739660467
62,Gerry Harris,1484.0354670340018
63,Scott Bessac,1499.3349873875002
64,David Hood,1484.0
65,Onassis Parungao,1516.0
66,Francesco Maturi,1484.0
67,Ryan Parker,1484.13956452461
68,Sam Adkins,1498.6514159415349
69,Keith Mielke,1484.0
70,Don Frye,1609.070715108028
71,Thomas Ramirez,1484.0
72,Joe Moreira,1500.890475557234
73,Jerry Bohlander,1541.7312215953723
74,Scott Ferrozzo,1516.7131510665172
75,Gary Goodridge,1504.9998039019024
76,Paul Herrera,1484.0
77,Amaury Bitetti,1502.8318638301305
78,Koji Kitao,1484.705502268534
79,Mark Schultz,1516.736306793522
80,Rafael Carino,1516.0
81,Matt Andersen,1484.0
82,Steve Nelmark,1515.5244752152241
83,Tai Bowden,1500.736306793522
84,Dieusel Berto,1483.2975328274754
85,Brian Johnston,1475.9912201157222
86,Scott Fiedler,1484.0
87,Mark Coleman,1521.6046350096049
88,Moti Horenstein,1468.736306793522
89,John Campetella,1483.9660918698307
90,Fabio Gurgel,1484.0
91,Roberto Traven,1499.263693206478
92,Dave Berry,1484.0
93,Reza Nasri,1483.4909378421419
94,Julian Sanchez,1486.932622143037
95,Sam Fulton,1468.8079397887134
96,Jack Nilson,1500.0338330211207
97,Vitor Belfort,1574.30310214934
98,Nick Sanzo,1501.4387739660467
99,Tra Telligman,1458.871462427371
100,Jackie Lee,1483.2975328274754
101,Yoshiki Takahashi,1516.0
102,Wallid Ismail,1484.0
103,Rainy Martinez,1485.4358728782763
104,Justin Martin,1516.0
105,Eric Martin,1484.0
106,Jim Mullen,1484.0344271982347
107,Tito Ortiz,1538.5142904107054
108,Randy Couture,1599.4691319107587
109,Steven Graham,1500.736306793522
110,Tony Halme,1484.736306793522
111,Wes Albritton,1483.3296897362338
112,Enson Inoue,1516.0
113,Royce Alger,1468.736306793522
114,Saeed Hosseini,1483.2298601853572
115,Dmitri Stepanov,1483.263693206478
116,Tony Fryklund,1499.3581988720266
117,Donnie Chappell,1484.0
118,Alex Hunter,1530.5645178732748
119,Yuri Vaulin,1483.2711193243924
120,Kevin Jackson,1499.9679075202312
121,Todd Butler,1484.0
122,Mark Kerr,1559.7442018127824
123,Dan Bobish,1499.597349110267
124,Maurice Smith,1519.0398763747282
125,Dwayne Cason,1502.1068851034001
126,Greg Stott,1486.0989899091346
127,Houston Dorr,1483.3297235609668
128,Harry Moskowitz,1469.406641009231
129,Carlos Barreto,1483.492032223764
130,Brad Kohler,1500.0677454683114
131,Yoji Anjo,1454.3484386698044
132,Kazushi Sakuraba,1516.0
133,Marcus Silveira,1484.0
134,Frank Shamrock,1575.972899890274
135,Tsuyoshi Kohsaka,1500.122756293903
136,Igor Zinoviev,1484.8038229802178
137,Pat Miletich,1575.5531181486315
138,Chris Brennan,1483.9985843298684
139,Townsend Saunders,1469.4710585082066
140,Mikey Burnett,1515.96771545784
141,Eugenio Tadeu,1484.0
142,Courtney Turner,1483.263693206478
143,Laverne Clark,1539.6913918787595
144,Josh Stuart,1484.0
145,Chuck Liddell,1588.6571772367215
146,Noe Hernandez,1484.0
147,Andre Roberts,1514.8561681416804
148,Dan Henderson,1524.4478652178013
149,Allan Goes,1484.0
150,Carlos Newton,1490.8390262714493
151,Bob Gilstrap,1484.0
152,Mike van Arsdale,1502.6120104537943
153,Joe Pardo,1484.0
154,Hugo Duarte,1484.9204969288758
155,Pete Williams,1470.1418688512817
156,Jeremy Horn,1491.1925573902427
157,John Lober,1486.1588192089037
158,Wanderlei Silva,1503.598132642559
159,Pedro Rizzo,1556.2497627869143
160,Ebenezer Fontes Braga,1515.3326328283995
161,Tulio Palhares,1516.0
162,Adriano Santos,1484.0
163,Cesar Marscucci,1516.0
164,Paulo Santos,1484.0
165,Frank Caracci,1484.736306793522
166,Evan Tanner,1547.6746053915656
167,Darrel Gholar,1484.0
168,Jorge Patino,1486.131478678827
169,Bas Rutten,1533.440096296465
170,Jason Godsey,1469.098059260862
171,Valeri Ignatov,1469.4387739660467
172,Kevin Randleman,1522.7969266361058
173,Sione Latu,1516.0
174,Joey Roberts,1484.0
175,Ron Waterman,1514.5741567059101
176,Chris Condo,1484.0
177,Fabiano Iha,1486.4786978640848
178,Marcelo Mello,1516.0
179,David Roberts,1484.0
180,Tony Petarra,1483.3622604847176
181,Travis Fulton,1501.5729821366467
182,Paul Jones,1499.1672855647644
183,Flavio Luiz Moura,1484.0
184,Andre Pederneiras,1486.7551655631858
185,Eugene Jackson,1481.859974563149
186,David Dodd,1468.072286701907
187,Tim Lajcik,1470.005907286064
188,Daiju Takase,1453.9286310885109
189,Jens Pulver,1552.1575129616501
190,Alfonso Alcarez,1500.0
191,John Lewis,1500.7024671725246
192,Lowell Anderson,1484.0
193,Matt Hughes,1609.2568385833072
194,Steve Judson,1468.003112567426
195,Kenichi Yamamoto,1517.054812988858
196,Katsuhisa Fujii,1500.736306793522
197,Joe Slick,1500.0747538502555
198,Masutatsu Yano,1483.263693206478
199,Keiichiro Yamamiya,1484.7024671725246
200,Shonie Carter,1498.04924707953
201,Brad Gumm,1484.736306793522
202,Scott Adams,1516.0
203,Ian Freeman,1515.0917172989837
204,David Velasquez,1484.0
205,Bob Cook,1516.0
206,Tiki Ghosn,1440.2131844808312
207,Dave Menne,1467.776752971138
208,Lance Gibson,1500.7024671725246
209,Jermaine Andre,1484.0
210,Tedd Williams,1498.561382879838
211,Sanae Kikuta,1517.4037778232891
212,Murilo Bustamante,1536.1539298869072
213,Ikuhisa Minowa,1516.7753690120394
214,Koji Oishi,1472.1480664484786
215,Satoshi Honma,1483.931168087648
216,Adrian Serrano,1484.736306793522
217,Nate Schroeder,1483.263693206478
218,Joao Roque,1484.736306793522
219,Marcelo Aguiar,1484.7040225341211
220,Alex Andrade,1483.3646607101468
221,John Alessio,1431.947759727149
222,Tyrone Roberts,1515.231712033484
223,Bobby Hoffman,1470.5551504117689
224,CJ Fernandes,1499.263693206478
225,Yuki Kondo,1484.991429481146
226,Alexandre Dantas,1468.8978755120245
227,Jeff Monson,1520.904392711804
228,Ben Earwood,1516.0
229,Chris Lytle,1534.3368661510497
230,Mark Hughes,1516.0
231,Alex Stiebling,1484.0
232,Andrei Arlovski,1520.4120184577084
233,Aaron Brink,1484.0
234,Josh Barnett,1569.1333736481708
235,Gan McGee,1503.3661265694884
236,Renato Sobral,1537.3366844782067
237,Matt Lindland,1578.0093282806943
238,Dennis Hallman,1500.4981987249494
239,Sean Sherk,1565.606109268754
240,Phil Baroni,1446.0019384233258
241,Curtis Stout,1468.736306793522
242,Mark Robinson,1500.0
243,Elvis Sinosic,1434.6407507141791
244,Phil Johns,1484.2380547586126
245,Caol Uno,1478.5359279109557
246,Matt Serra,1511.3353010842122
247,Ricardo Almeida,1523.6907739247517
248,BJ Penn,1491.1509069632223
249,Joey Gilbert,1484.0
250,Tony DeSouza,1496.1079682008915
251,Steve Berger,1469.4695015289756
252,Semmy Schilt,1500.097432847277
253,Paul Rodriguez,1484.736306793522
254,Ricco Rodriguez,1542.5400633838578
255,Vladimir Matyushenko,1531.101609936548
256,Din Thomas,1513.8212633198207
257,Yves Edwards,1480.4746776892407
258,Jutaro Nakao,1501.3358416109802
259,Gil Castillo,1488.039883173591
260,Frank Mir,1538.6644886443278
261,Homer Moore,1485.4185040045202
262,Amar Suloev,1471.4153137188523
263,Keith Rockel,1499.896967877474
264,Andrei Semenov,1499.3190372060749
265,Kelly Dullanty,1484.0969921300064
266,Hayato Sakurai,1485.3563524060278
267,Paul Creighton,1485.437806607274
268,Ivan Salaverry,1483.5976328597624
269,Benji Radach,1500.7070648447752
270,Robbie Lawler,1577.0258597197665
271,Aaron Riley,1462.4835218012463
272,Joao Pierini,1482.5118024885712
273,Rodrigo Ruas,1484.0
274,Pete Spratt,1484.1323746717094
275,Zach Light,1484.0
276,Nick Serra,1484.0
277,Genki Sudo,1515.2976013366472
278,Leigh Remedios,1484.0
279,Mark Weir,1483.9059880346226
280,Chris Haseman,1486.7164646540616
281,Phillip Miller,1531.995242496382
282,James Zikic,1484.0
283,Tim Sylvia,1573.8289794978125
284,Wesley Correira,1500.2183340201882
285,Travis Wiuff,1469.0533603582842
286,Rich Clementi,1503.5883499871259
287,Dave Strasser,1499.263693206478
288,Romie Aram,1484.0
289,Rich Franklin,1584.7532669262093
290,Duane Ludwig,1483.745809492161
291,Hermes Franca,1516.6706627628828
292,Richard Crunkilton,1484.0
293,David Loiseau,1486.0913854325097
294,Sean Alvarez,1483.263693206478
295,Falaniko Vitale,1505.044124286813
296,Eddie Ruiz,1484.0813012474107
297,Wes Sims,1457.42563824634
298,Vernon White,1489.2316196887093
299,Marvin Eastman,1458.7372218245976
300,Jorge Rivera,1522.9656536371467
301,Edwin DeWees,1455.7151718153252
302,Karo Parisyan,1551.520012912491
303,Josh Thomson,1496.245456965819
304,Gerald Strebendt,1484.0
305,Nick Diaz,1508.7224660779232
306,Jeremy Jackson,1468.7740213350469
307,Nick Agallar,1484.8136825641448
308,Chris Liguori,1483.2232692250725
309,Frank Trigg,1466.73836306195
310,Renato Verissimo,1487.3296796808581
311,Lee Murray,1516.770130232392
312,Jeff Curran,1453.5378991311195
313,Georges St-Pierre,1746.8934215362017
314,Mike Brown,1476.8180499672558
315,Jonathan Wiezorek,1516.0
316,Wade Shipp,1484.0
317,Mike Kyle,1514.1326688089732
318,Jay Hieron,1443.740801479261
319,Trevor Prangley,1496.197286252374
320,Ivan Menjivar,1481.9806871274652
321,Ronald Jhun,1483.3210754250601
322,Justin Eilers,1471.6919192603505
323,David Terrell,1522.271623678101
324,Joe Riggs,1478.7149656703596
325,Joe Doerksen,1438.007235369536
326,Patrick Cote,1519.2203520973944
327,Travis Lutter,1475.2215729292946
328,Drew Fickett,1518.9121684371114
329,Gideon Ray,1454.1395652973056
330,James Irvin,1474.0732520916558
331,Paul Buentello,1500.9464745901464
332,Pete Sell,1459.265457457346
333,Forrest Griffin,1580.4373187753413
334,Stephan Bonnar,1529.0101673399693
335,Diego Sanchez,1552.4419262390295
336,Kenny Florian,1591.520839341459
337,Sam Hoger,1482.7243107457734
338,Bobby Southworth,1484.0
339,Alex Karalexis,1482.5981711137829
340,Josh Rafferty,1484.0
341,Josh Koscheck,1537.6107977277397
342,Chris Sanford,1484.0
343,Nate Quarry,1555.7744518261482
344,Lodune Sincaid,1484.0
345,Mike Swick,1553.0995151188854
346,Alex Schoenauer,1484.0
347,Chris Leben,1495.835510264244
348,Jason Thacker,1484.0
349,John Marsh,1484.736306793522
350,Jason Miller,1459.8088988105874
351,Charles McCarthy,1486.0668747770883
352,Kevin Jordan,1469.4724164382071
353,Bill Mahood,1484.736306793522
354,Nate Marquardt,1502.1922496443833
355,Josh Neer,1465.4789302973893
356,Terry Martin,1471.423800828074
357,Brian Gassaway,1484.736306793522
358,Brandon Vera,1506.5886826943934
359,Fabiano Scherner,1469.4374927249887
360,Jon Fitch,1630.6086789359804
361,Brock Larson,1497.0357535641065
362,Spencer Fisher,1498.7103768660286
363,Thiago Alves,1523.6433908466736
364,Jonathan Goulet,1490.902376731583
365,Alessio Sakara,1469.397000493013
366,Ron Faircloth,1500.0
367,Marcio Cruz,1502.5536185832134
368,Keigo Kunihara,1484.0
369,Chael Sonnen,1542.2015864612868
370,Branden Lee Hinkle,1484.0332152813098
371,Sean Gannon,1484.0
372,Rashad Evans,1558.459642894494
373,Brad Imes,1453.5047585474697
374,Joe Stevenson,1497.3437578128753
375,Luke Cummo,1482.5901509813143
376,Joshua Burkman,1418.8386666281117
377,Sammy Morgan,1468.736306793522
378,Melvin Guillard,1531.996055856213
379,Marcus Davis,1530.2214595796136
380,Keith Jardine,1489.0961838306907
381,Kerry Schall,1484.0
382,Kit Cope,1484.0676726427585
383,Nick Thompson,1501.475681974095
384,Keith Wisniewski,1439.3250599500627
385,Ansar Chalangov,1468.7043984859663
386,Jeff Newton,1483.9323273572415
387,Gabriel Gonzaga,1512.2620548719954
388,Assuerio Silva,1457.4677853725057
389,Jason Von Flue,1482.8286876806403
390,Gilbert Aldana,1469.5078539070469
391,Mike Whitehead,1484.736306793522
392,Tom Murphy,1516.0
393,Icho Larenas,1484.0
394,Jason Lambert,1495.1483505246335
395,Rob MacDonald,1484.7023986633528
396,Sam Stout,1476.1456592479349
397,Mark Hominick,1479.7255576088257
398,Steve Vigneault,1485.4023024763235
399,Luigi Fioravanti,1491.6080155369934
400,Dan Christison,1501.1112685256817
401,Justin Levens,1471.7832194499244
402,Scott Smith,1466.5197103614953
403,Derrick Noble,1484.0339081301693
404,Dean Lister,1532.352600122035
405,Matt Wiman,1514.5314513372352
406,Rick Davis,1483.930848558797
407,Kendall Grove,1505.8785433904736
408,Ed Herman,1513.8677718165413
409,Michael Bisping,1623.0393938915138
410,Josh Haynes,1454.2012198826021
411,Wilson Gouveia,1525.3787389678198
412,Kalib Starnes,1487.5281445774672
413,Danny Abbadi,1468.0400137534155
414,Mike Nickels,1499.3826569900393
415,Wes Combs,1468.0310020906384
416,Rory Singer,1498.8580349506224
417,Ross Pointon,1467.2727918522603
418,Solomon Hutcherson,1483.3852514194905
419,Matt Hamill,1563.4433613937283
420,Jesse Forbes,1451.6129327123908
421,Jorge Santiago,1445.7448140590343
422,Kristian Rothaermel,1483.263693206478
423,Jorge Gurgel,1480.6682701807024
424,Anderson Silva,1589.111265571041
425,Anthony Perosh,1474.979261551052
426,Cheick Kongo,1557.6223740883822
427,Kurt Pellegrino,1531.9584120742556
428,Joe Jordan,1484.0157961102075
429,Anthony Torres,1500.0
430,Pat Healy,1434.4490423693712
431,Forrest Petz,1452.6815585040167
432,Jake O'Brien,1513.9455723443343
433,Kristof Midoux,1484.0
434,Martin Kampmann,1563.3217877821396
435,Crafton Wallace,1470.2049755158582
436,Yuki Sasaki,1484.7663632239373
437,Christian Wellisch,1484.5833329501913
438,Eric Schafer,1458.5180373012124
439,David Heath,1482.9368897987233
440,Cory Walmsley,1484.0
441,Jamie Varner,1462.1768411674013
442,Yushin Okami,1575.7488093045376
443,Alan Belcher,1548.1849070736375
444,Tyson Griffin,1518.5303506898078
445,David Lee,1467.966354638796
446,Eddie Sanchez,1496.7080684701177
447,Mario Neto,1484.0
448,Roger Huerta,1553.7675880795052
449,Jason Dent,1472.2753054771395
450,Joe Lauzon,1525.5335021430303
451,Gabe Ruediger,1455.3323805231807
452,Chris Price,1468.0
453,Jason MacDonald,1471.6221499309156
454,Seth Petruzelli,1440.2717987536416
455,Dustin Hazelett,1500.7371349367168
456,Kuniyoshi Hironaka,1472.7604208107564
457,Carmelo Marrero,1471.9697901177763
458,Clay Guida,1503.9665675258975
459,Justin James,1484.0
460,Dan Lauzon,1457.369170494606
461,Junior Assuncao,1486.158416331943
462,Thales Leites,1560.1006033182077
463,Drew McFedries,1484.3677988329007
464,Gleison Tibau,1530.232786223418
465,Antoni Hardonk,1501.9984146899342
466,Sherman Pendergarst,1484.0
467,Hector Ramirez,1469.4332211004973
468,Josh Shockman,1484.736306793522
469,Dokonjonosuke Mishima,1470.29400099513
470,Victor Valimaki,1468.5951062332342
471,Jeff Joslin,1486.6658233905466
472,Logan Clark,1516.0
473,Steve Byrnes,1484.0
474,Keita Nakamura,1468.5040521776464
475,Chad Reiner,1470.1158289707728
476,Heath Herring,1486.5122846686588
477,Sean Salmon,1470.8764501861801
478,Mirko Filipovic,1494.8509649370112
479,John Halverson,1469.3752574151652
480,Quinton Jackson,1555.343838816635
481,Frankie Edgar,1575.478082945738
482,Lyoto Machida,1601.726480738496
483,Diego Saraiva,1452.9023751267036
484,Jason Gilliam,1465.6993285406345
485,Rex Holman,1485.4358728782763
486,Justin McCully,1500.9580382013723
487,Thiago Tavares,1539.9387948699652
488,Naoyuki Kotani,1428.211253634861
489,Nate Mohr,1467.32498656001
490,Roan Carneiro,1494.3313811294806
491,Leonard Garcia,1426.5356606902542
492,Fabricio Werdum,1592.2563152718515
493,Paul Taylor,1487.293403401397
494,Edilberto de Oliveira,1468.7656201216516
495,Terry Etim,1509.6957018781798
496,Matt Grice,1457.0755313521233
497,Jess Liaudin,1483.3387146921339
498,Dennis Siver,1558.522644744639
499,Houston Alexander,1468.4578967035468
500,Thiago Silva,1564.6236686469426
501,Jeremy Stephens,1483.624438059882
502,Jordan Radev,1469.520151503855
503,Jason Black,1468.7023986633528
504,Tamdan McCrory,1488.885428816551
505,Jeff Cox,1468.7941733304751
506,Anthony Johnson,1611.2780528471824
507,Luke Caudillo,1467.2655013500369
508,Jason Tan,1470.223278822206
509,Colin Robinson,1468.0458937911671
510,Stevie Lynch,1484.0618708470606
511,Nate Diaz,1578.1221111222158
512,Manvel Gamburyan,1479.4946907648887
513,Floyd Sword,1484.0314636733415
514,Doug Evans,1470.0371307365951
515,Cole Miller,1493.4827143916164
516,Andy Wang,1484.0
517,Gray Maynard,1540.1655444427263
518,Rob Emerson,1495.0199652632728
519,Allen Berube,1483.3296897362338
520,Brian Geraghty,1483.2914648166425
521,Brandon Melendez,1484.920832744893
522,Alvin Robinson,1472.048450287512
523,Mark Bocek,1546.191857370143
524,Antonio Rodrigo Nogueira,1497.3818054088324
525,Alberto Crane,1471.439225041596
526,Ryan Jensen,1446.881730374283
527,Marcus Aurelio,1470.9067039588638
528,Tomasz Drwal,1499.697983489739
529,Joe Veres,1468.736306793522
530,Mauricio Rua,1507.9040824894205
531,Kazuhiro Nakamura,1469.5292377322423
532,Scott Junk,1484.0328588763439
533,Michihiro Omigawa,1429.981259854259
534,Demian Maia,1615.9402977579741
535,Ryo Chonan,1473.1942170680156
536,Jason Reinhardt,1454.9048859967015
537,Akihiro Gono,1488.4600396495114
538,Mac Danzig,1460.9443075657862
539,Tommy Speer,1468.6092980387707
540,War Machine,1499.263693206478
541,Jared Rollins,1484.0
542,George Sotiropoulos,1530.5058285886012
543,Billy Miles,1484.0
544,Paul Georgieff,1483.3336173155926
545,Troy Mandaloniz,1499.362019946075
546,Richie Hightower,1484.0
547,Matt Arroyo,1483.2976013366472
548,John Kolosci,1484.0
549,Roman Mitichyan,1500.0
550,Dorian Price,1484.0
551,Ben Saunders,1479.7279200448002
552,Dan Barrera,1484.0
553,Soa Palelei,1511.8722609267809
554,Rameau Thierry Sokoudjou,1486.0945975822856
555,Luiz Cane,1485.162725784665
556,Per Eklund,1483.413056891315
557,James Lee,1483.206092831739
558,Paul Kelly,1512.4221009870287
559,Corey Hill,1481.2259650087135
560,Justin Buchholz,1455.4537081000387
561,Brock Lesnar,1528.2667023982112
562,Rob Yundt,1468.0865254133462
563,Kyle Bradley,1469.1725127861396
564,Tim Boetsch,1514.0328304686725
565,David Bielkheden,1487.2054599543721
566,Chris Wilson,1472.7565702377665
567,Ryan Roberts,1483.9661744337986
568,Samy Schiavo,1467.4468758590756
569,Jason Day,1487.9091336143415
570,Cain Velasquez,1623.9876730093586
571,Brad Morris,1468.736306793522
572,Goran Reljic,1472.8084707509352
573,Antonio Mendes,1470.8813283725501
574,Shane Carwin,1535.7641282341
575,Yoshiyuki Yoshida,1486.4646013195154
576,Dong Hyun Kim,1608.572640260304
577,Rousimar Palhares,1557.4198430032113
578,Kevin Burns,1480.9820695567078
579,Rob Kimmons,1480.331295019865
580,Matt Brown,1547.5788551661713
581,Matthew Riddle,1552.1852252891072
582,Dante Rivera,1484.0
583,Amir Sadollah,1506.4386654338896
584,CB Dollaway,1527.2160568583158
585,Reese Andy,1471.4577505146096
586,Jesse Taylor,1498.6568012244425
587,Rory Markham,1485.866085446829
588,Brodie Farber,1468.3512345445142
589,Nate Loughran,1500.0
590,Johnny Rees,1467.975972327596
591,Brad Blackburn,1511.235678094619
592,James Giboo,1484.0
593,Shannon Gugerty,1485.67446293389
594,Dale Hartt,1483.9629961213702
595,Tim Credeur,1513.7112097085069
596,Cale Yarbrough,1484.0
597,Dan Evensen,1469.7671968570853
598,Jon Jones,1764.2300145236682
599,Andre Gusmao,1470.1632457797655
600,Steve Bruno,1484.2614509069763
601,Ryan Thomas,1469.4696487401425
602,Michael Patt,1469.9831318401186
603,Mike Massenzio,1458.2627492558627
604,Jason Brilz,1485.6511938961294
605,Dan Miller,1480.7688714012043
606,Joe Vedepo,1468.036771755841
607,Neil Wain,1484.7715768061603
608,Jim Miller,1569.9432131518467
609,David Baron,1484.0
610,Dan Hardy,1541.3138683982463
611,Junior Dos Santos,1573.592253264928
612,Matt Horwich,1468.8132558998404
613,Josh Hendricks,1485.9608126347237
614,Rafael Dos Anjos,1572.2596627663277
615,Steve Cantwell,1437.6914348968214
616,Razak Al-Hassan,1468.0
617,Brandon Wolff,1470.2749935758038
618,Efrain Escudero,1471.4733707897321
619,Phillipe Nover,1432.817857008808
620,Ryan Bader,1639.6662238996832
621,Vinny Magalhaes,1460.492314737188
622,Rolando Delgado,1483.3857024917957
623,John Polakowski,1484.0
624,Krzysztof Soszynski,1533.8291331936175
625,Shane Primm,1484.0
626,Eliot Marshall,1497.151889654283
627,Jules Bruchez,1484.0
628,Tom Lawlor,1515.3014049098467
629,Kyle Kingsbury,1480.3103238817243
630,Shane Nelson,1495.9923029998981
631,George Roop,1466.321051384264
632,Junie Browning,1500.6423131704037
633,David Kaplan,1468.0
634,Mostapha Al-Turk,1455.9425281708232
635,Mike Wessel,1484.8718345294537
636,Pat Barry,1472.5709157315252
637,Denis Kang,1488.6504839788893
638,John Hathaway,1570.6402497013935
639,Tom Egan,1484.0
640,Alexandre Barros,1486.0052467549365
641,Ivan Serati,1483.2976682950234
642,Dan Cramer,1500.669066335465
643,John Howard,1494.061027600187
644,Denis Stojnic,1469.468428471818
645,Jake Rosholt,1489.0134733080117
646,Matt Veach,1486.9079163026752
647,Nick Catone,1500.9406923247573
648,Derek Downey,1484.0
649,Paulo Thiago,1466.2421884715634
650,Brian Cobb,1484.049971211503
651,Stefan Struve,1507.0940431642505
652,Evan Dunham,1530.470697710106
653,Mike Ciesnolevicz,1499.329952365298
654,Neil Grove,1484.0
655,Mark Munoz,1547.0298438453274
656,Ryan Madigan,1484.0064585084572
657,Carlos Condit,1514.6855262007819
658,Aaron Simpson,1537.9972897692305
659,Tim McKenzie,1484.0
660,Jesse Sanders,1484.0339081301693
661,Nissen Osterneck,1483.497089423516
662,Brian Stann,1514.8606464585055
663,Xavier Foupa-Pokam,1467.3118808455529
664,TJ Grant,1585.538774257774
665,Mike Pyle,1504.1145838191824
666,Tim Hague,1456.3698732209946
667,Peter Sobotta,1484.5859236692277
668,Rick Story,1574.936402097379
669,James Wilks,1499.820837499609
670,DaMarques Johnson,1473.96282616626
671,Ross Pearson,1473.7978369417008
672,Andre Winner,1470.3327782563706
673,Edgar Garcia,1439.38843910957
674,Nick Osipczak,1483.3198578177905
675,Frank Lester,1484.0
676,Cameron Dollar,1482.5316223384873
677,Yoshihiro Akiyama,1466.8376689392999
678,Johny Hendricks,1558.8744189591916
679,Jesse Lennox,1482.631319664891
680,Danillo Villefort,1484.0
681,Mike Russow,1527.13169209955
682,Todd Duffee,1517.5993806745828
683,Chris Tuchscherer,1470.2474955294092
684,Jake Ellenberger,1482.5395271879158
685,Jay Silva,1469.9235432056603
686,Mike Pierce,1558.0341498981948
687,Steve Steinbeiss,1466.7056356068517
688,Paul Daley,1523.5536864760577
689,Steve Lopez,1469.544059540594
690,Nik Lentz,1546.1670024224593
691,Rafaello Oliveira,1449.318951222014
692,Brian Foster,1515.820432604691
693,Igor Pokrajac,1443.2890598919582
694,Ben Rothwell,1526.916754144573
695,Chase Gormley,1468.035966191372
696,Alexander Gustafsson,1534.6516140728097
697,Jared Hamman,1454.6813034277018
698,Fabricio Camoes,1461.8784029872643
699,Rogerio Nogueira,1504.7382552039096
700,Jacob Volkmann,1531.039881951596
701,Roy Nelson,1497.037428393636
702,Brendan Schaub,1518.0551937820783
703,Kevin Ferguson,1499.2848090570635
704,Rodney Wallace,1455.0088857331875
705,James McSweeney,1483.2976013366472
706,Darrill Schoonover,1484.0
707,Jon Madsen,1540.023138183182
708,Justin Wren,1484.0
709,Joe Brammer,1468.4074744460877
710,Matt Mitrione,1547.6146100371961
711,Marcus Jones,1484.0
712,Ricardo Funch,1441.787571971999
713,Lucio Linhares,1472.8688171113915
714,Gilbert Yvel,1457.5563236715768
715,John Gunderson,1485.2462995276744
716,Rory MacDonald,1578.1247143634043
717,Mike Guymon,1469.752511345237
718,Gerald Harris,1527.729526119354
719,John Salter,1484.7886651117196
720,Ronys Torres,1468.0234856158163
721,Joey Beltran,1452.5819177321703
722,Rolles Gracie,1484.0
723,Phil Davis,1585.2239348884318
724,James Te Huna,1493.1784641458453
725,Darren Elkins,1586.094215458784
726,Daniel Roberts,1485.8847760497756
727,Julio Paulino,1469.0452454559347
728,Greg Soto,1487.4760182946727
729,Takanori Gomi,1446.2160273561628
730,Mario Miranda,1473.5504898587033
731,Charlie Brenneman,1456.113860152746
732,Jason High,1490.4762124369843
733,Renzo Gracie,1489.44338239022
734,Waylon Lowe,1503.354015056203
735,Cyrille Diabate,1494.3032250984843
736,Claude Patrick,1530.7350373683382
737,Court McGee,1486.0240069026977
738,Kris McCray,1456.206200147835
739,Mark Holst,1468.0015544510898
740,Brad Tavares,1546.634590351598
741,Seth Baczynski,1484.0508970504493
742,Kyle Noke,1487.9065577161093
743,Josh Bryant,1484.0
744,Chris Camozzi,1482.219385816401
745,James Hammortree,1484.0
746,Travis Browne,1527.1977599076715
747,Rich Attonito,1512.7235768659211
748,Jamie Yager,1484.0
749,Ricardo Romero,1482.6948526218434
750,David Branch,1497.205556410353
751,Karlos Vemola,1468.9479124863872
752,Charles Oliveira,1673.4728598256766
753,Todd Brown,1467.4421805089876
754,Christian Morecraft,1472.112182204312
755,Amilcar Alves,1469.764135233499
756,James Toney,1488.7202141523333
757,TJ Waldburger,1502.533161532369
758,David Mitchell,1460.2645752959318
759,Rafael Natal,1521.2556798459643
760,Pat Audinwood,1469.3110435016645
761,Sean McCorkle,1483.9989455910766
762,Mark Hunt,1511.4192639439857
763,Rob Broughton,1484.8617588324084
764,Vinicius Queiroz,1484.0
765,Paul Sass,1515.9659814979761
766,Curt Warburton,1488.0607346600484
767,Fabio Maldonado,1490.9757508845364
768,Jake Shields,1530.4589369387784
769,Dongi Yang,1489.1818703062875
770,Carlos Eduardo Rocha,1485.1248844270347
771,Alexandre Ferreira,1485.5717132365266
772,Pascal Krauss,1501.0774481738904
773,Mark Scanlon,1484.0
774,Maiquel Falcao,1518.0982942088476
775,Edson Barboza,1567.6984912300393
776,Mike Lullo,1468.736306793522
777,TJ O'Brien,1471.259432793051
778,Jonathan Brookins,1486.2689504625976
779,Michael Johnson,1504.1651819368335
780,Nam Phan,1447.701002643962
781,Ian Loveland,1482.5950719527063
782,Tyler Toner,1484.0
783,Kyle Watson,1499.9673668527043
784,Sako Chivitchian,1484.0
785,Nick Pace,1483.335862052334
786,Will Campuzano,1440.9897761680481
787,Pablo Garza,1497.8287702975035
788,Fredson Paixao,1484.0
789,Cody McKenzie,1484.0704882436219
790,Aaron Wilkinson,1484.0
791,Jesse Bongfeldt,1484.141564507903
792,Sean Pierson,1536.7865862843796
793,John Makdessi,1522.5464553546512
794,Dustin Poirier,1663.1414305537855
795,Josh Grispi,1438.29325822097
796,Diego Nunes,1504.8311542711997
797,Antonio McKee,1484.280745157723
798,Chris Cariaso,1506.6400003994986
799,Rani Yahya,1566.7433459070771
800,Willamy Freire,1484.0619404025879
801,Miguel Torres,1501.3702988921423
802,Antonio Banuelos,1484.0
803,Chad Mendes,1565.5389453572163
804,Demetrious Johnson,1667.6476908143761
805,Norifumi Yamamoto,1453.4372872148977
806,Kenny Robertson,1493.0072696731715
807,Donald Cerrone,1557.1587659144857
808,Brian Ebersole,1528.1005988729225
809,Nick Ring,1499.1683859975087
810,Riki Fukuda,1486.1623103998909
811,Tom Blackledge,1481.8848035205197
812,Zhang Tiequan,1468.0757733296807
813,Maciej Jewtuszko,1483.3360015572835
814,Chris Weidman,1577.2482929339462
815,Brian Bowles,1496.6692094465106
816,Damacio Page,1452.097266801144
817,Shane Roller,1472.7376981716816
818,Takeya Mizugaki,1520.643820208039
819,Reuben Duran,1468.147797258512
820,Danny Castillo,1499.1081639053598
821,Urijah Faber,1560.982433489144
822,Eddie Wineland,1461.0063578908637
823,Kamal Shalorus,1459.0402401937667
824,Constantinos Philippou,1529.1300558803446
825,Anthony Njokuani,1474.0708835395872
826,Joseph Benavidez,1598.0057782496472
827,Erik Koch,1500.999840054768
828,Raphael Assuncao,1551.6099029274285
829,Chan Sung Jung,1553.0919655149642
830,Mackens Semerzier,1500.0
831,Alex Caceres,1546.546406443855
832,Michael McDonald,1542.8542121943146
833,Edwin Figueroa,1469.6380480318398
834,Jose Aldo,1597.7759014700546
835,Benson Henderson,1620.955629436249
836,Yves Jabouin,1494.6765913056854
837,Charlie Valencia,1483.2702620086807
838,Renan Barao,1489.4175562201972
839,Cole Escovedo,1452.736306793522
840,Tony Ferguson,1548.0590925473512
841,Ramsey Nijem,1497.4008989609067
842,Anthony Pettis,1570.0982429009673
843,Chris Cope,1483.0866291455895
844,Chuck O'Neil,1484.0
845,Francisco Rivera,1473.561249234416
846,Shamar Bailey,1484.7685196358198
847,Ryan McGillivray,1484.0
848,Clay Harvison,1482.7060741107955
849,Justin Edwards,1455.843942955472
850,Scott Jorgensen,1438.7151592698403
851,Ken Stone,1500.0016428387537
852,Danny Downes,1469.033422538619
853,Dave Herman,1458.3701948360574
854,Jon Olav Einemo,1471.0004423899568
855,Vagner Rocha,1470.8824010722903
856,James Head,1487.4399883074711
857,Jason Young,1468.991404673422
858,Aaron Rosa,1485.3182394989747
859,Javier Vazquez,1516.6438031967587
860,Ricardo Lamas,1572.8854321359142
861,Edward Faaloloto,1469.3872873759078
862,Dominick Cruz,1572.7585372898752
863,Jeff Hougland,1484.057460984802
864,Donny Walker,1468.0
865,Paul Bradley,1469.7199670788716
866,Ronny Markes,1514.1896473662703
867,Jimy Hettes,1498.8051857195594
868,Stanislav Nedkov,1483.3805746496616
869,Johnny Eduardo,1470.8615253202777
870,Erick Silva,1494.0595549462598
871,Luis Ramos,1470.0063792603846
872,Iuri Alcantara,1528.1683373086137
873,Felipe Arantes,1484.3940223471468
874,Lance Benoist,1500.5674515229414
875,Jorge Lopez,1469.3203777565282
876,Robert Peralta,1513.118543910506
877,Mike Stumpf,1468.883503095808
878,Eddie Yagin,1500.6324176125022
879,Mike Easton,1482.2259471239204
880,Byron Bloodworth,1470.1966712010385
881,Walel Watson,1466.720159932566
882,Joseph Sandoval,1468.736306793522
883,Stipe Miocic,1656.9857022328986
884,Hatsu Hioki,1473.0606794122807
885,Bart Palaszewski,1471.1248506239945
886,Francis Carmont,1539.0892848078206
887,Clifford Starks,1484.2840606607813
888,Dustin Jacoby,1515.4287786800717
889,Brad Pickett,1448.587109293445
890,Papy Abedi,1473.3662054523481
891,John Maguire,1485.236380928455
892,Philip De Fries,1484.5315668414696
893,Che Mills,1517.478625895177
894,Vaughan Lee,1470.5748061260433
895,Cub Swanson,1552.525752143093
896,Matt Lucas,1483.2591408739984
897,Darren Uyenoyama,1498.4402265424092
898,Cung Le,1506.4111518714685
899,Alex Soto,1469.366444599677
900,Diego Brandao,1528.796596542371
901,Dennis Bermudez,1532.2605373447136
902,John Dodson,1537.1183759451367
903,TJ Dillashaw,1622.2729496573404
904,Johnny Bedford,1482.9941607220567
905,Louis Gaudinot,1471.3433307053917
906,Marcus Brimage,1492.7636907208646
907,Stephen Bass,1484.0
908,John Albert,1453.410882931575
909,Dustin Pague,1441.012604302851
910,Roland Delorme,1494.560037507199
911,Josh Ferguson,1470.1661031368037
912,Steven Siler,1508.762367072606
913,Josh Clopton,1470.039520425746
914,Bryan Caraway,1531.0533338583277
915,Dustin Neace,1484.0
916,John Cholish,1487.2094161645607
917,Mitch Clarke,1458.5938519282345
918,Jake Hecht,1484.8553959519743
919,Alistair Overeem,1577.5779934272546
920,Carlo Prater,1483.9273710902423
921,Ednaldo Oliveira,1469.6654817448416
922,Antonio Carvalho,1503.3704413568792
923,Jared Papazian,1453.440263670026
924,Nick Denis,1499.2976013366472
925,Khabib Nurmagomedov,1692.595401289289
926,Tommy Hayden,1468.1864532274606
927,Daniel Pineda,1464.4230726462124
928,Pat Schilling,1468.0996198623789
929,Eric Wisely,1467.4121902365932
930,Lavar Johnson,1500.3848840688381
931,Henry Martinez,1485.6604666786163
932,Michael Kuiper,1468.1030523569227
933,Stephen Thompson,1559.7985509491302
934,Dan Stittgen,1468.736306793522
935,Max Holloway,1677.071234523752
936,Justin Salas,1482.8717789101
937,Anton Kuivanen,1484.736306793522
938,Tim Means,1500.0072599817943
939,Bernardo Magalhaes,1468.0467627516816
940,Eiji Mitsuoka,1469.706656867168
941,Issei Tamura,1484.0650606806378
942,Yasuhiro Urushitani,1469.3345123425697
943,Ian McCall,1491.107200945734
944,Nick Penner,1468.2925463258805
945,Andrew Craig,1485.6575140229993
946,Shawn Jordan,1533.652113278429
947,Oli Thompson,1468.7394890718613
948,Siyar Bahadurzada,1503.537517926779
949,Tom DeBlass,1467.8878830146914
950,Magnus Cedenblad,1528.475507412742
951,Reza Madadi,1486.1746519434862
952,Yoislandy Izquierdo,1466.8345560712273
953,Simeon Thoresen,1483.3824241067518
954,Besam Yousef,1467.4249856255524
955,Chris Clements,1499.4712825448917
956,Chad Griggs,1471.56184267207
957,Maximo Blanco,1488.98581100846
958,Tim Elliott,1506.928583754961
959,John Lineker,1604.222909617376
960,Marcus LeVesseur,1484.0812434107213
961,Shane del Rosario,1469.5785264986073
962,Antonio Silva,1461.8734977420843
963,Glover Teixeira,1621.5086659921512
964,Michael Chiesa,1582.034812301859
965,Al Iaquinta,1550.3364993395446
966,Daron Cruickshank,1491.1512199230624
967,Chris Tickle,1484.0
968,Myles Jury,1551.8660070778008
969,Chris Saunders,1484.0
970,Sam Sicilia,1471.719688265027
971,Cristiano Marcello,1470.0738049260747
972,Joe Proctor,1495.481565853317
973,Jeremy Larsen,1453.5599564398951
974,Erik Perez,1571.0319038937234
975,Justin Lawrence,1483.197622782199
976,John Cofer,1468.736306793522
977,Buddy Roberts,1503.1535230497184
978,Caio Magalhaes,1514.9215772007487
979,CJ Keith,1468.825052852529
980,Joey Gambino,1470.245618786718
981,Brock Jardine,1469.5794128988282
982,Cezar Ferreira,1531.6206715430505
983,Sergio Moraes,1538.0541105431312
984,Rony Jason,1499.1964099651407
985,Godofredo Pepey,1491.5816445818875
986,Hacran Dias,1479.4001348662932
987,Marcos Vinicius,1484.0
988,Wagner Campos,1484.0
989,Francisco Trinaldo,1614.9434828269002
990,Delson Heleno,1484.0
991,Hugo Viana,1495.905059344663
992,John Teixeira,1484.0
993,Thiago Perpetuo,1482.1200088501205
994,Leonardo Mafra,1472.6264068587975
995,Milton Vieira,1483.296043123496
996,Rodrigo Damm,1482.8074634176676
997,Anistavio Medeiros,1484.0
998,Marcelo Guimaraes,1498.1783993208642
999,Hector Lombard,1450.3095268668544
1000,Ryan Jimmo,1487.3681566326093
1001,Mitch Gagnon,1498.0965628290505
1002,Wagner Prado,1471.4326944278314
1003,John Moraga,1534.5762323800773
1004,Ulysses Gomez,1468.0323497647144
1005,Chico Camus,1485.652586648384
1006,Roger Hollett,1470.3316182421531
1007,Jimi Manuwa,1504.4549786519792
1008,Akira Corassani,1499.5023317596638
1009,Andy Ogle,1438.6315118022808
1010,Tom Watson,1459.194888712654
1011,Gunnar Nelson,1577.8533246955842
1012,Jussier Formiga,1539.9253499826946
1013,Phil Harris,1469.9326561187231
1014,Renee Forte,1471.2386193391585
1015,Motonobu Tezuka,1467.32591407421
1016,Jon Tuck,1483.4009217872401
1017,Azamat Gashimov,1469.4706184233016
1018,Abel Trujillo,1531.3435624860729
1019,Norman Parke,1525.8659866282608
1020,Colin Fletcher,1468.0
1021,Robert Whittaker,1648.9699797855362
1022,Brad Scott,1471.1941336315786
1023,Yaotzin Meza,1470.698975989351
1024,Cody Donovan,1466.677872505823
1025,Ben Alloway,1483.2976013366472
1026,Manuel Rodriguez,1484.0
1027,Mike Wilkinson,1502.0497096427148
1028,Brendan Loughnane,1484.0
1029,Colton Smith,1469.3786463598988
1030,Mike Ricci,1486.2381140923083
1031,Rustam Khabilov,1600.7222572635728
1032,Vinc Pichel,1543.1830427550954
1033,Mike Rio,1470.0752595196504
1034,Derek Brunson,1597.299061712196
1035,Daniel Sarafian,1473.552647322931
1036,Ildemar Alcantara,1507.8097425309286
1037,Lucas Martins,1519.1466634847225
1038,Pedro Nobre,1500.0
1039,Sean Spencer,1470.57139410304
1040,Tyron Woodley,1571.9406639833267
1041,King Green,1549.6804728785257
1042,Isaac Vallie-Flagg,1473.175946621533
1043,Dustin Kimura,1482.2857867067253
1044,Caros Fodor,1484.4441672745645
1045,Neil Magny,1615.4607683318309
1046,Jon Manley,1484.0
1047,Nah-Shon Burrell,1499.254373284583
1048,Yuri Villefort,1468.0042039471273
1049,Ronda Rousey,1556.564115108861
1050,Liz Carmouche,1507.095227797497
1051,Mizuto Hirota,1443.1630387336745
1052,Hyun Gyu Lim,1483.2650613293883
1053,Kyung Ho Kang,1535.259059973092
1054,Kazuki Tokudome,1468.7950600411289
1055,Bobby Voelker,1439.2065527231193
1056,Jordan Mein,1524.2060776572212
1057,Quinn Mulhern,1470.8025217362597
1058,Gegard Mousasi,1608.7063638806283
1059,Ilir Latifi,1534.174357245307
1060,Ryan Couture,1469.9538318158793
1061,Ryan LaFlare,1559.4341316385994
1062,Tor Troeng,1468.9114249828497
1063,Adam Cella,1484.0
1064,Adlan Amagov,1532.7913200318492
1065,Chris Spang,1484.0
1066,Conor McGregor,1602.1626795221878
1067,Kelvin Gastelum,1564.2144753283285
1068,Uriah Hall,1541.4421637247278
1069,Cat Zingano,1490.811343726191
1070,Miesha Tate,1520.8339715612233
1071,Robert McDaniel,1485.7898458526843
1072,Gilbert Smith,1484.0
1073,Luke Barnatt,1496.6860053491248
1074,Collin Hart,1484.0
1075,Dylan Andrews,1480.021058379758
1076,Jimmy Quinlan,1484.0
1077,Clint Hester,1509.1056760888478
1078,Bristol Marunde,1468.736306793522
1079,Josh Samman,1513.2935948016498
1080,Kevin Casey,1473.8030201127526
1081,Gilbert Melendez,1444.167454873289
1082,Daniel Cormier,1637.8980932425989
1083,Jorge Masvidal,1551.8226625463642
1084,Roger Bowling,1468.279667947267
1085,Yoel Romero,1580.5946822573069
1086,Lorenz Larkin,1525.7194198350053
1087,Ovince Saint Preux,1516.033929203089
1088,Gian Villante,1446.3713529062047
1089,Kurt Holobaugh,1463.5017469303039
1090,Yancy Medeiros,1490.6394622300038
1091,Sara McMann,1522.6712665916828
1092,Sheila Gaff,1468.736306793522
1093,Luke Rockhold,1535.5391084866128
1094,Jacare Souza,1534.7262000663181
1095,Joao Zeferino,1469.521658329455
1096,Michel Prazeres,1574.6384379101141
1097,Iliarde Santos,1453.868242353493
1098,KJ Noons,1487.0887609111007
1099,Estevan Payan,1454.3595199788042
1100,Leonardo Santos,1549.1046456298482
1101,William Macario,1469.4694142440303
1102,Rafael Cavalcante,1461.9998243044452
1103,Eddie Mendez,1483.3185996970885
1104,Antonio Braga Neto,1486.1024013673177
1105,Anthony Smith,1557.05490584865
1106,Leandro Silva,1488.826650655806
1107,Alexis Davis,1519.1409107332954
1108,Rosi Sexton,1467.9660918698307
1109,James Krause,1577.799922334423
1110,Tim Kennedy,1523.388323810202
1111,Roger Gracie,1484.0
1112,Brian Melancon,1501.4859935016884
1113,Jessica Andrade,1578.2798563584029
1114,Trevor Smith,1478.1939931560375
1115,Germaine de Randamie,1563.307209589422
1116,Julie Kedzie,1468.736306793522
1117,Thiago Santos,1553.0814911432672
1118,Jose Maria,1469.3814798069075
1119,Amanda Nunes,1677.6788054014644
1120,Francimar Barroso,1495.1358339657497
1121,Viscardi Andrade,1529.9496545623072
1122,James Vick,1546.2849724129064
1123,Brandon Thatch,1471.815794903953
1124,Zak Cummings,1582.8338520329376
1125,Nikita Krylov,1570.544777070201
1126,Piotr Hallmann,1473.1399250517732
1127,Ali Bagautinov,1522.1842596294257
1128,Edimilson Souza,1531.2611955449968
1129,Ramiro Hernandez,1469.5248473288664
1130,Elias Silverio,1512.0263069113394
1131,Ivan Jorge,1497.3113626688007
1132,Jesse Ronson,1426.2675717864015
1133,Daniel Omielanczuk,1485.3531849098665
1134,Nandor Guelmino,1484.0
1135,Wilson Reis,1517.445091180768
1136,Igor Araujo,1499.8535610100598
1137,Yan Cabral,1482.5079648730682
1138,Alan Patrick,1510.6856964068688
1139,Garett Whiteley,1452.736306793522
1140,Darrell Montague,1455.3706696943173
1141,Andre Fili,1535.3193551705394
1142,Sarah Kaufman,1484.6085683907659
1143,Jessica Eye,1449.5320123472195
1144,Kyoji Horiguchi,1585.4902599855895
1145,Nicholas Musoke,1497.471377750126
1146,Robert Whiteford,1485.993105077091
1147,Brian Houston,1468.8806963153825
1148,Santiago Ponzinibbio,1555.1840238971336
1149,Omari Akhmedov,1562.5209998501289
1150,Adriano Martins,1519.0008212633636
1151,Dustin Ortiz,1538.9374483515414
1152,Anthony Lapsley,1467.4432923289282
1153,Sergio Pettis,1556.8785181493413
1154,Chris Holdsworth,1531.9368559143593
1155,Davey Grant,1510.090867003528
1156,Julianna Pena,1583.8557179553998
1157,Jessica Rakoczy,1469.4695015289756
1158,Jessamyn Duke,1466.5642092219655
1159,Peggy Morgan,1484.0
1160,Tom Niinimaki,1469.0544514970097
1161,Jared Rosholt,1555.6200038553782
1162,Walt Harris,1477.3708828219558
1163,Drew Dober,1542.1101530230926
1164,Raquel Pennington,1599.901153703921
1165,Roxanne Modafferi,1454.1702672515753
1166,Josh Sampo,1468.5841752342371
1167,Ryan Benoit,1455.4668842610424
1168,Justin Scoggins,1479.132627990478
1169,Richie Vaculik,1467.3537787277974
1170,Krzysztof Jotko,1566.2947976042087
1171,Bruno Santos,1486.4332907261683
1172,Alex Garcia,1503.4784371499827
1173,Ben Wall,1468.7154065810942
1174,Bethe Correia,1479.98593143418
1175,Alptekin Ozkilic,1469.902320489579
1176,Zach Makovsky,1486.9688652803634
1177,Tarec Saffiedine,1487.1511319535764
1178,Tatsuya Kawajiri,1506.1521884945428
1179,Sean Soriano,1426.0577076693278
1180,Kiichi Kunimoto,1513.3241678605411
1181,Luiz Dutra,1468.736306793522
1182,Shunichi Shimizu,1483.2606514204442
1183,Will Chope,1483.9905438435892
1184,Katsunori Kikuno,1486.8404748248613
1185,Royston Wee,1514.5612260339533
1186,Dave Galera,1484.0
1187,Mairbek Taisumov,1570.698351043991
1188,Tae Hyun Bang,1486.0460140852413
1189,Jon Delos Reyes,1471.3420147159104
1190,Russell Doane,1474.4848080583442
1191,Leandro Issa,1486.4524532247585
1192,Louis Smolka,1478.590041526091
1193,Beneil Dariush,1636.8418630295653
1194,George Sullivan,1483.6752581015119
1195,Mike Rhodes,1454.6857522909554
1196,Kevin Lee,1547.0119353142297
1197,Andy Enz,1454.8421303956943
1198,Rashid Magomedov,1565.2535067454273
1199,Anthony Rocco Martin,1563.314507187147
1200,Gasan Umalatov,1469.358089624372
1201,Danny Martinez,1471.0631174817422
1202,Takenori Sato,1469.7929253233162
1203,Zubaira Tukhugov,1525.2721091471806
1204,Douglas Silva de Andrade,1519.2399925360996
1205,Albert Tumenov,1528.681154160225
1206,Patrick Cummins,1485.867069379936
1207,Pedro Munhoz,1530.372133601983
1208,Aljamain Sterling,1675.0963419182813
1209,Cody Gibson,1459.7130018122982
1210,Ernest Chavez,1485.4140520793155
1211,Yosdenis Cedeno,1469.3386091039506
1212,Zhang Lipeng,1497.1238073476188
1213,Sai Wang,1500.036890299533
1214,Yui Chul Nam,1480.6466761272275
1215,Anying Wang,1499.263693206478
1216,Albert Cheng,1484.0
1217,Mark Eddiva,1468.72288531954
1218,Jumabieke Tuerxun,1454.0352375214031
1219,Neil Seery,1487.4167501000052
1220,Mats Nilsson,1470.2340630852218
1221,Claudio Silva,1523.1226828094025
1222,Danny Mitchell,1468.7641737961012
1223,Francisco Trevino,1484.0790537478865
1224,Sean Strickland,1633.5881281055952
1225,Hans Stringer,1484.1532358832699
1226,Noad Lahat,1500.5378371751121
1227,Jim Alers,1483.306394693215
1228,Alan Omer,1468.736306793522
1229,Tim Gorman,1469.4991859017468
1230,Elias Theodorou,1571.9356915864282
1231,Sheldon Westcott,1483.2997888276268
1232,Chad Laprise,1521.2267856896303
1233,Olivier Aubin-Mercier,1522.1564751637247
1234,Sean O'Connell,1458.451843383084
1235,Mike de la Torre,1474.842469870989
1236,Nordine Taleb,1524.112935006403
1237,Vik Grujic,1467.9728463869653
1238,Richard Walsh,1469.2466572665144
1239,Chris Indich,1468.0
1240,Leslie Smith,1516.7024665514846
1241,Luke Zachrich,1485.4049371826045
1242,Alex White,1470.5879257869954
1243,Derrick Lewis,1597.979662346212
1244,Jack May,1468.9479586062748
1245,Ray Borg,1534.5057292430843
1246,Mirsad Bektic,1523.8243961007122
1247,Chas Skelly,1571.1193049552724
1248,Hernani Perpetuo,1468.1172815415289
1249,Chris Beal,1479.321572018552
1250,Patrick Williams,1469.3847321019673
1251,Ruan Potts,1454.9094474995682
1252,Aaron Phillips,1439.629771915148
1253,Li Jingliang,1551.222885166172
1254,David Michaud,1483.29760169064
1255,Antonio Carlos Junior,1525.482226808924
1256,Vitor Miranda,1484.4658702305571
1257,Warlley Alves,1489.3064321214772
1258,Marcio Alexandre Junior,1455.3262765607953
1259,Alexander Yakovlev,1468.6353165979917
1260,Ricardo Abreu,1498.4968829087939
1261,Wagner Silva,1469.5031170912061
1262,Marcos Rogerio de Lima,1559.3056171940104
1263,Richardson Moreira,1469.2391155976522
1264,Matt Hobar,1484.1087734058428
1265,Niklas Backstrom,1484.108438276485
1266,Nick Hein,1492.3196809930835
1267,Pawel Pawlak,1482.1641117157965
1268,Ruslan Magomedov,1548.150437772408
1269,Viktor Pesta,1455.4666042607905
1270,Jake Lindsey,1453.4696534898285
1271,Roger Narvaez,1486.8450934890193
1272,Valerie Letourneau,1497.2823652853083
1273,Elizabeth Phillips,1471.5699220064414
1274,Kajan Johnson,1518.744509632247
1275,Michinori Tanaka,1485.5057455540093
1276,Jason Saggo,1501.461949984912
1277,Josh Shockley,1468.6394056001682
1278,Joe Ellenberger,1499.263693206478
1279,James Moontasri,1473.1459032420612
1280,Diego Ferreira,1579.339939953416
1281,Shane Howell,1467.9988754206317
1282,Jake Matthews,1573.9598665638453
1283,Dashon Johnson,1468.097116337237
1284,Roldan Sangcha'an,1466.6551142160097
1285,Rodrigo de Lima,1468.0262062246727
1286,Dan Hooker,1601.634239078554
1287,Ian Entwistle,1485.2745322910453
1288,Aleksei Oleinik,1512.9054228768368
1289,Anthony Hamilton,1441.990499431796
1290,Rob Font,1570.4416546429316
1291,Guilherme Vasconcelos,1483.2991701846584
1292,Bubba Bush,1483.263693206478
1293,Guto Inocente,1469.0622148756684
1294,Eddie Gordon,1468.0407708110479
1295,Dhiego Lima,1474.6972508480246
1296,Corey Anderson,1572.6066461339608
1297,Matt Van Buren,1467.270216701433
1298,Juan Manuel Puig,1468.911915882968
1299,Patrick Walsh,1500.0031233503723
1300,Daniel Spohn,1484.0
1301,Sarah Moras,1453.3616656286001
1302,Alexis Dufresne,1468.736306793522
1303,Robert Drysdale,1500.0
1304,Keith Berish,1484.0
1305,Jerrod Sanders,1485.4752367991648
1306,Claudia Gadelha,1534.7428864036426
1307,Tina Lahdemaki,1484.0
1308,Chris Dempsey,1468.781489775832
1309,Cathal Pendred,1524.6282322208233
1310,Mike King,1484.0
1311,Paddy Holohan,1513.3905585380132
1312,Brian Ortega,1576.9623379506556
1313,Tiago dos Santos e Silva,1497.4030191169195
1314,Akbarh Arreola,1471.2442601860228
1315,Gilbert Burns,1596.5729874489514
1316,Andreas Stahl,1468.7934148985196
1317,Joanna Jedrzejczyk,1557.4317718358348
1318,Juliana Lima,1484.5544342252545
1319,Alan Jouban,1541.4175163967327
1320,Lauren Murphy,1541.6825596624194
1321,Sam Alvey,1447.7149848512588
1322,Frankie Saenz,1495.7105771676465
1323,Nolan Ticman,1468.0339081301693
1324,Clay Collard,1471.256996166062
1325,Valmir Lazaro,1485.5657955225024
1326,Chris Heatherly,1469.536836175275
1327,Brendan O'Reilly,1468.642003568386
1328,Guangyou Ning,1498.436783179564
1329,Jianping Yang,1484.0
1330,Alberto Mina,1530.225251431727
1331,Shinsho Anzai,1502.7194660537066
1332,Yuta Sasaki,1489.5893657572617
1333,Colby Covington,1630.5092068547112
1334,Yao Zhikui,1470.078088380057
1335,Milana Dudieva,1483.2313821198313
1336,Joby Sanchez,1452.8517258124734
1337,Joe Soto,1483.7214783915338
1338,Shayna Baszler,1470.7769693158002
1339,Chris Wade,1540.0551716145683
1340,Cain Carrizosa,1467.3893187640238
1341,Damon Jackson,1519.8916772910432
1342,Tateki Matsuda,1468.7034078411411
1343,Wendell Oliveira Marques,1468.067601496311
1344,Larissa Pacheco,1469.4401170200001
1345,Rin Nakai,1467.3956798108052
1346,Masanori Kanehara,1487.8765115461645
1347,Johnny Case,1525.2209608458918
1348,Eddie Alvarez,1536.410538749925
1349,Chris Kelades,1501.1858141344198
1350,Roman Salazar,1469.427028065146
1351,Paul Felder,1555.5496440317584
1352,Matt Dwyer,1469.5591366413098
1353,Jan Blachowicz,1598.8962190876246
1354,Scott Askham,1469.266447283465
1355,Charles Rosa,1460.2931509263108
1356,Marcin Bandel,1468.7052545179731
1357,Christos Giagos,1476.6747494261294
1358,Daniel Kelly,1528.0229076203807
1359,Leon Edwards,1678.2858952953927
1360,Jorge de Oliveira,1467.3315091622376
1361,Nina Nunes,1521.1763714878991
1362,Diego Rivas,1497.915905618568
1363,Rodolfo Rubio Perez,1484.0
1364,Thomas Almeida,1494.2888111718205
1365,Augusto Montano,1484.0322003803537
1366,Hector Urbina,1483.4899957495104
1367,Henry Briones,1457.5087841575616
1368,Guido Cannetti,1477.54836694913
1369,Alejandro Perez,1544.0505204827134
1370,Jose Quinonez,1510.2126584781865
1371,Gabriel Benitez,1479.3863609239904
1372,Humberto Brown Morrison,1484.0
1373,Marco Beltran,1493.4143227428292
1374,Marlon Vera,1587.5855051702354
1375,Yair Rodriguez,1592.3337012608035
1376,Leonardo Morales,1468.0
1377,Paige VanZant,1510.6035671466593
1378,Kailin Curran,1428.2932440883872
1379,Josh Copeland,1470.8331108911698
1380,Dooho Choi,1515.2306335433498
1381,Justin Jones,1468.7107280031048
1382,Ashlee Evans-Smith,1453.8231065354562
1383,Carla Esparza,1564.109966698389
1384,Rose Namajunas,1604.4804369084768
1385,Jessica Penne,1457.8306114855684
1386,Randa Markos,1464.5028205592137
1387,Angela Hill,1500.9247156362362
1388,Emily Kagan,1467.263693206478
1389,Heather Clark,1484.0029729229482
1390,Bec Rawlings,1455.2135381122646
1391,Joanne Wood,1518.023562007664
1392,Seo Hee Ham,1468.035254839057
1393,Tecia Pennington,1540.2715906036822
1394,Angela Magana,1453.4401925280374
1395,Aisling Daly,1513.8632929573923
1396,Alex Chambers,1455.51007323766
1397,Felice Herrig,1491.7923109468886
1398,Lisa Ellis,1468.0
1399,Bryan Barberena,1493.9674236857145
1400,Anthony Birchak,1469.4871145137292
1401,Henry Cejudo,1607.7630831075035
1402,Willie Gates,1469.6302940121643
1403,Antonio Dos Santos,1466.832165774813
1404,Renato Moicano,1609.1081103641234
1405,Jake Collier,1445.0510563431521
1406,Jared Cannonier,1561.6582509916047
1407,Marion Reneau,1466.5704542119993
1408,Cody Garbrandt,1550.700190966696
1409,Ron Stallings,1483.1741951349456
1410,Frankie Perez,1471.5298498663053
1411,Sultan Aliev,1503.7300371420204
1412,Anthony Christodoulou,1469.4092120599244
1413,Paul Redmond,1469.4940908583537
1414,Konstantin Erokhin,1468.6228740632578
1415,Makwan Amirkhani,1493.3137382170182
1416,Cody Pfister,1468.73054561809
1417,Holly Holm,1525.8478562903983
1418,Masio Fullen,1483.332454751616
1419,Alex Torres,1484.0
1420,Joe Duffy,1498.8561891975376
1421,Alex Oliveira,1500.066623333582
1422,Fredy Serrano,1495.9762683010488
1423,Bentley Syler,1484.0
1424,Timothy Johnson,1517.1542345811292
1425,Shamil Abdurakhimov,1490.8932289873644
1426,Maryna Moroz,1494.1173130988861
1427,Bartosz Fabinski,1499.435862785107
1428,Garreth McLellan,1455.44894024289
1429,Mickael Lebout,1486.810344614538
1430,Damian Stasiak,1469.1814786751843
1431,Aleksandra Albu,1495.3532807110166
1432,Izabela Badurek,1484.0
1433,Stevie Ray,1543.4759934527153
1434,Taylor Lapilus,1557.3674847857994
1435,Rocky Lee,1484.0
1436,Shane Campbell,1457.2142937457286
1437,Jonavin Webb,1468.485695044483
1438,Ben Nguyen,1511.253403256818
1439,Levan Makashvili,1498.9144540971579
1440,Islam Makhachev,1717.6156498123835
1441,Leo Kuntz,1468.0307959336328
1442,Darren Till,1529.928824434563
1443,Nicolas Dalby,1556.1364724497291
1444,Elizeu Zaleski dos Santos,1578.1048078126491
1445,Ericka Almeida,1468.7011136438014
1446,Tom Breese,1528.7552941493009
1447,Lukasz Sajewski,1455.480239319028
1448,Steve Kennedy,1466.8214501927223
1449,Arnold Allen,1625.132986715315
1450,Magomed Mustafaev,1516.392478597681
1451,Steve Bosse,1516.600269227154
1452,Joe Merritt,1484.1443361904044
1453,Lewis Gonzalez,1483.3626554881018
1454,Tony Sims,1485.7158937663426
1455,Steve Montgomery,1469.4432586676494
1456,Sirwan Kakai,1499.4307889940421
1457,Kamaru Usman,1665.534244460572
1458,Hayder Hassan,1468.0
1459,Michael Graves,1531.2330848285537
1460,Vicente Luque,1613.4566916030403
1461,Michelle Waterson-Gomez,1463.1027096982953
1462,Dominic Waters,1459.3408414740127
1463,Lyman Good,1508.4242522171958
1464,Cortney Casey,1464.198364061746
1465,Chris de la Rocha,1468.7076843997907
1466,Teemu Packalen,1470.1140310982034
1467,Jimmie Rivera,1547.6256527278044
1468,Dominique Steele,1457.0639983126182
1469,Andrew Holbrook,1483.7806881679655
1470,Glaico Franca Moreira,1486.0279710915206
1471,Fernando Bruno,1470.8211884919704
1472,Reginaldo Vieira,1484.7360883463127
1473,Dileno Lopes,1468.0716593391362
1474,Jessica Aguilar,1455.608161274453
1475,Geane Herrera,1471.7650276911063
1476,Jonathan Wilson,1467.4582847056622
1477,Scott Holtzman,1513.9326810570817
1478,Oluwale Bamgbose,1454.980359330114
1479,Misha Cirkunov,1482.8631112739417
1480,Daniel Jolly,1467.2975328274754
1481,Joaquim Silva,1512.9805914958313
1482,Nazareno Malegarie,1484.0
1483,Yusuke Kasuya,1469.4401386844659
1484,Roger Zapata,1483.263693206478
1485,Teruto Ishihara,1467.2387342955315
1486,Sage Northcutt,1555.8465930661514
1487,Matheus Nicolau,1535.5378658200052
1488,Bruno Korea,1484.0
1489,Anton Zafir,1467.9706584654914
1490,Erick Montano,1482.6309750573655
1491,Enrique Marin,1469.3720788517976
1492,Enrique Barzola,1538.6987445132509
1493,Horacio Gutierrez,1469.4416484500603
1494,Marco Polo Reyes,1492.5201982196152
1495,Cesar Arzamendia,1468.0364409871042
1496,Alvaro Herrera Mendoza,1466.003700837303
1497,Vernon Ramos Ho,1484.0
1498,Dong Hyun Ma,1469.8206364336131
1499,Danny Roberts,1497.826061872511
1500,Nathan Coy,1486.073941195388
1501,Ryan Hall,1563.8293977287055
1502,Artem Lobov,1462.7106282286602
1503,Julian Erosa,1531.0958303612044
1504,Marcin Wrzosek,1484.0
1505,Chris Gruetzemacher,1489.2333770164482
1506,Abner Lloveras,1484.0
1507,Jason Knight,1487.0129151527822
1508,Jocelyn Jones-Lybarger,1453.4004140017898
1509,Karolina Kowalkiewicz,1520.6150132096197
1510,Francis Ngannou,1663.7723666174725
1511,Luis Henrique,1468.6516525606899
1512,Valentina Shevchenko,1642.8407451025691
1513,Alex Morono,1548.31475946253
1514,Justine Kish,1481.6684164618289
1515,Luke Sanders,1474.6480145965934
1516,Kyle Bochniak,1458.0687698118056
1517,Joey Gomez,1469.4293064002827
1518,Elvis Mutapcic,1468.9098725917597
1519,Mehdi Baghdad,1471.4318304292728
1520,Randy Brown,1622.0523685373118
1521,Felipe Olivieri,1482.681976274633
1522,Alex Nicholson,1471.6030458995092
1523,Damian Grabowski,1454.0213015215081
1524,Mickey Gall,1490.0050238896567
1525,Mike Jackson,1483.9661669788793
1526,Augusto Mendes,1488.2657275688402
1527,Leonardo Guimaraes,1468.0336355280708
1528,Kelly Faszholz,1467.3049383825619
1529,Jarjis Danho,1500.6385369653237
1530,Thibault Gouti,1445.2905134845014
1531,David Teymur,1562.637437211812
1532,Martin Svensson,1484.0
1533,Damien Brown,1468.6883131029886
1534,Curtis Blaydes,1620.217354574091
1535,Marcin Tybura,1566.950398453918
1536,Cristina Stanciu,1467.3224515993472
1537,Bojan Velickovic,1485.2539323904443
1538,Alessio Di Chirico,1457.8502130575353
1539,Damir Hadzovic,1491.9228429739248
1540,Filip Pejic,1483.2309975700082
1541,Cyril Asker,1483.7418282295118
1542,Darrell Horcher,1472.9477304609284
1543,Cody East,1466.031985643211
1544,Anna Elmose,1468.670188868717
1545,Josh Emmett,1597.0318161696225
1546,Cristiane Justino,1573.8602709248469
1547,Luan Chagas,1487.4086797235016
1548,Jordan Rinaldi,1492.1486729679934
1549,Alberto Uda,1468.0092112125717
1550,Adam Milstead,1483.2878556984513
1551,Henrique da Silva,1466.1508816175517
1552,Ion Cutelaba,1487.5543282295364
1553,Jonathan Meunier,1501.4795895854895
1554,Belal Muhammad,1689.1784036247932
1555,Andrew Sanchez,1496.3827367435579
1556,Khalil Rountree Jr.,1553.2856919530004
1557,Tatiana Suarez,1606.3398983995878
1558,Amanda Cooper,1466.6243378081965
1559,Will Brooks,1476.6375961047847
1560,Josh Stansbury,1481.857720848395
1561,Cory Hendricks,1484.0
1562,Lando Vannata,1468.8761901036041
1563,Katlyn Cerminara,1569.8594174736995
1564,Eric Spicely,1455.4256209119408
1565,Devin Clark,1485.906104367271
1566,Matthew Lopez,1480.0027669052292
1567,Bojan Mihajlovic,1454.8105295311434
1568,JC Cottrell,1468.7339988725512
1569,Dmitrii Smoliakov,1452.0033813795314
1570,Hector Sandoval,1501.1360227799491
1571,Joseph Gigliotti,1469.0260915238798
1572,Justin Ledet,1478.2016790283687
1573,Chase Sherman,1414.8263210275763
1574,Jason Novelli,1470.8316295199259
1575,Danielle Taylor,1483.401975130368
1576,Mike Perry,1500.122269470973
1577,Sabah Homasi,1456.824497946755
1578,Chris Avila,1467.2617438231548
1579,Max Griffin,1529.8399711108284
1580,Marvin Vettori,1573.6127646872073
1581,Felipe Silva,1484.0376287445263
1582,Jeremy Kennedy,1530.4489854861754
1583,Alex Ricci,1469.7706010834404
1584,Jessin Ayari,1469.2829093117869
1585,Jim Wallhead,1468.1231626805563
1586,Veronica Hardy,1513.159947881062
1587,Christian Colombo,1468.0986689486783
1588,Jack Hermansson,1578.8506095248279
1589,CM Punk,1484.736306793522
1590,Michael McBride,1471.850068430577
1591,Jason Gonzalez,1471.6100295819365
1592,Ricky Glenn,1478.0802645569077
1593,Albert Morales,1458.1316390788952
1594,Lina Lansberg,1459.9508981437048
1595,Gregor Gillespie,1590.4854741225147
1596,Zak Ottow,1504.552960798909
1597,Brandon Moreno,1571.2272389359055
1598,Joachim Christensen,1470.2280098471042
1599,Ketlen Vieira,1553.5057314437365
1600,Marc Diakiese,1508.8819326308983
1601,Marcin Held,1476.07637060613
1602,Martin Bravo,1466.2137494077529
1603,Claudio Puelles,1529.2541409680446
1604,Alexa Grasso,1572.9851252376095
1605,Gadzhimurad Antigulov,1467.5474255126123
1606,Darren Stewart,1477.289050055252
1607,Abdul Razak Alhassan,1495.6385426264837
1608,Charlie Ward,1468.736306793522
1609,Alexander Volkov,1626.9813433658458
1610,Jack Marshman,1474.9869923759486
1611,Mark Godbeer,1499.7082674835133
1612,Brett Johns,1546.3716455040635
1613,Kwan Ho Kwak,1467.3507613178886
1614,Jenel Lausa,1465.5918433763018
1615,Tyson Pedro,1508.3351905791467
1616,Alexander Volkanovski,1653.0753507614456
1617,Matt Schnell,1490.5851357534523
1618,Jamie Moyle,1482.014265322847
1619,Saparbeg Safarov,1472.3040579546912
1620,Ashley Yoder,1430.609420332312
1621,Ryan Janes,1501.4795838257849
1622,Gerald Meerschaert,1544.4512508739044
1623,Shane Burgos,1574.1680194702515
1624,JJ Aldrich,1531.875691207
1625,Brian Camozzi,1456.1323873096785
1626,Emil Meek,1476.9405532731876
1627,Viviane Pereira,1499.672514126337
1628,Paul Craig,1523.2055193653778
1629,Irene Aldana,1544.5151241635153
1630,Niko Price,1508.4345960286832
1631,Drakkar Klose,1603.3453354657702
1632,Devin Powell,1469.5575886137055
1633,Bobby Nash,1455.312836088526
1634,Jordan Johnson,1561.621064198866
1635,Jeremy Kimball,1470.5190728680182
1636,Alexandre Pantoja,1630.005841439337
1637,Eric Shelton,1473.312589372369
1638,Volkan Oezdemir,1549.116824648734
1639,Marcel Fortuna,1482.7513903062418
1640,Ricardo Ramos,1531.7556973089922
1641,Gavin Tucker,1513.6235573725498
1642,Gina Mazany,1442.0566970768416
1643,Aiemann Zahabi,1548.8181519056054
1644,Cynthia Calvillo,1488.302330028745
1645,Andre Soukhamthath,1458.535332112869
1646,Daniel Spitz,1466.0779204653163
1647,Davi Ramos,1519.4957523023936
1648,Paulo Costa,1541.6455192854723
1649,Lucie Pudilova,1429.5259658781345
1650,Pearl Gonzalez,1469.4388392871117
1651,Bibulatov Magomed,1484.7694581336189
1652,Desmond Green,1528.133097142319
1653,Tom Duquesnoy,1514.6257343932132
1654,Cindy Dandois,1485.2494410821168
1655,Rashad Coulter,1468.7780158884384
1656,Oliver Enkamp,1470.717593645263
1657,Marlon Moraes,1510.3346349414123
1658,Brian Kelleher,1482.4163086530357
1659,Deiveson Figueiredo,1647.7235611851268
1660,Luke Jumeau,1497.438385432789
1661,Ashkan Mokhtarian,1468.3830702594782
1662,Chan-Mi Jeon,1468.033767705514
1663,Rolando Dy,1469.6848140839998
1664,Frank Camacho,1448.37241841245
1665,Naoki Inoue,1498.6911710150523
1666,Carls John De Tomas,1468.736306793522
1667,Ji Yeon Kim,1436.8229905447529
1668,Dominick Reyes,1550.4203257494974
1669,Jared Gordon,1537.521531903959
1670,Michel Quinones,1469.3151668924706
1671,Nick Roehrick,1484.2234530527417
1672,Justin Gaethje,1593.275325067985
1673,Tom Gallicchio,1484.8887885578872
1674,Cody Stamann,1514.0704440985955
1675,Terrion Ware,1438.8412758396228
1676,Trevin Giles,1509.9151314685482
1677,James Bochnovic,1468.0376966025985
1678,Amanda Lemos,1562.0555428217767
1679,Galore Bofando,1500.5583927582243
1680,Danny Henry,1499.8043508920878
1681,Daniel Teymur,1457.5488565492824
1682,Justin Willis,1543.8560606264402
1683,James Mulheron,1484.0
1684,Eryk Anders,1505.9595125501098
1685,Junior Albini,1458.8898482173468
1686,Tonya Evinger,1455.513304086968
1687,Calvin Kattar,1536.030013428919
1688,Jarred Brooks,1500.1508328890811
1689,Humberto Bandenay,1468.550259068183
1690,Joseph Morales,1483.4443087156214
1691,Robert Sanchez,1483.2071293153758
1692,Rob Wilkinson,1468.9751443513653
1693,Talita Bernardo,1470.015732872117
1694,Aleksandar Rakic,1536.4857505666273
1695,Mads Burnell,1488.6622496154516
1696,Zabit Magomedsharipov,1589.4163795307848
1697,Mike Santiago,1452.85830558032
1698,Abdul-Kerim Edilov,1514.5946887902653
1699,Arjan Bhullar,1531.8142609119188
1700,Alex Reyes,1455.5891369446576
1701,Azunna Anyanwu,1485.4358728782763
1702,Gokhan Saki,1498.5423128173743
1703,Daichi Abe,1485.000347425381
1704,Syuri Kondo,1467.9893732151527
1705,Mara Romero Borella,1452.559034673052
1706,Kalindra Faria,1451.7520848238778
1707,Poliana Botelho,1482.1732134407855
1708,Oskar Piechota,1481.9475594847067
1709,Jodie Esquibel,1437.7596925239654
1710,Nasrat Haqparast,1577.447320267893
1711,Ramazan Emeev,1527.7822112142367
1712,Salim Touahri,1455.3245239654636
1713,Aspen Ladd,1515.5791519014565
1714,Marcelo Golm,1466.79385554755
1715,Karl Roberson,1472.1310657912118
1716,Jessica-Rose Clark,1474.6003565649714
1717,Shane Young,1454.048966106623
1718,Tai Tuivasa,1508.7003128025501
1719,Nadia Kassem,1484.0879414236463
1720,Adam Wieczorek,1513.2380960404253
1721,Wang Guan,1516.3678266319253
1722,Muslim Salikhov,1557.1062163757158
1723,Sheymon Moraes,1488.1819619299972
1724,Song Kenan,1522.7968345357401
1725,Song Yadong,1599.0244853193426
1726,Bharat Kandare,1484.0
1727,Wu Yanan,1438.8803078022752
1728,Wulijiburen,1452.118174575353
1729,Hu Yaozong,1452.016167399643
1730,Yan Xiaonan,1571.2977453338553
1731,Nicco Montano,1500.5250225059624
1732,Sean O'Malley,1621.6351537337441
1733,Barb Honchak,1465.9620069873833
1734,DeAnna Bennett,1500.0
1735,Melinda Fabian,1484.0308784810788
1736,Montana De La Rosa,1511.0474313236814
1737,Christina Marks,1484.0
1738,Rachael Ostovich,1467.1682807531354
1739,Karine Gevorgyan,1484.0
1740,Shana Dobson,1468.3033997211985
1741,Ariel Beck,1484.0
1742,Gillian Robertson,1559.531970979979
1743,Emily Whitmire,1466.7989280162262
1744,Allen Crowder,1486.0827638507558
1745,Benito Lopez,1501.0147449373553
1746,Markus Perez,1454.6690931993367
1747,Alex Perez,1535.2707929384562
1748,Merab Dvalishvili,1647.5912228720035
1749,Julian Marquez,1477.656879440015
1750,Michal Oleksiejczuk,1499.952863495469
1751,Mark De La Rosa,1452.4152262831901
1752,Matt Frevola,1509.6098321202726
1753,Brandon Davis,1433.957791402309
1754,Julio Arce,1529.294968950468
1755,Dan Ige,1533.5450843428819
1756,Matt Bessette,1469.300537542251
1757,Cory Sandhagen,1604.8289516141601
1758,Austin Arnett,1470.2913875323864
1759,Priscila Cachoeira,1475.43790791086
1760,Polyana Viana,1470.599682400429
1761,Maia Stevenson,1484.0
1762,Israel Adesanya,1631.117580783463
1763,Curtis Millender,1520.3863053937464
1764,Steven Peterson,1469.2914548130086
1765,Tim Williams,1470.2616975089827
1766,Geoff Neal,1572.7808203904358
1767,Manny Bermudez,1509.6832592295345
1768,Marcin Prachnio,1475.9801941568298
1769,Yana Santos,1508.0734927558074
1770,Alexander Hernandez,1513.9917223201026
1771,Mackenzie Dern,1552.0100879398415
1772,Magomed Ankalaev,1646.7870286836715
1773,Hakeem Dawodu,1528.418780787266
1774,Dmitry Sosnovskiy,1516.7577195068498
1775,Charles Byrd,1466.8246441038277
1776,John Phillips,1441.7974584644296
1777,Mike Rodriguez,1456.653409259604
1778,Ricky Rainey,1469.302451146179
1779,Dan Moret,1454.6026701323572
1780,Lauren Mueller,1469.4362045615605
1781,Ricky Simon,1547.0000051892123
1782,Andrea Lee,1456.1494781849565
1783,Craig White,1475.382687794672
1784,Carlo Pedersoli Jr.,1485.5589563936678
1785,Molly McCann,1504.0007977695318
1786,Jose Torres,1500.6126943983882
1787,Sijara Eubanks,1497.7184139354133
1788,Chance Rencountre,1502.6915803947904
1789,Nathaniel Wood,1567.6818939124942
1790,Megan Anderson,1508.2648206463566
1791,Petr Yan,1582.8594081970582
1792,Hector Aldana,1454.7847517704388
1793,Michael Trizano,1514.7712274783614
1794,Joe Giannetti,1484.0
1795,Brad Katona,1494.4163803698732
1796,Jay Cucciniello,1484.0
1797,Luis Pena,1530.0264368343308
1798,Richie Smullen,1484.0
1799,John Gunther,1500.248721655977
1800,Allan Zuniga,1484.0
1801,Bryce Mitchell,1573.021617262507
1802,Tyler Diamond,1484.0
1803,Blagoy Ivanov,1488.0868038375816
1804,Raoni Barcelos,1533.9111624078503
1805,Said Nurmagomedov,1575.3040752380425
1806,Jennifer Maia,1513.900628165569
1807,Elias Garcia,1467.9711737752
1808,David Zawada,1463.912100242166
1809,Abu Azaitar,1481.3346469892242
1810,Nad Narimani,1499.329416788984
1811,Khalid Taha,1456.62771241281
1812,Pingyuan Liu,1498.5605245544143
1813,Darko Stosic,1466.7572332205727
1814,Montel Jackson,1591.6100181322795
1815,Zhang Weili,1617.278009127982
1816,Kevin Holland,1553.6539400617064
1817,Matt Sayles,1469.6289233765006
1818,Aleksei Kunchenko,1510.1640186975546
1819,Khalid Murtazaliev,1518.0739479278493
1820,Adam Yandiev,1486.1878917982206
1821,Stefan Sekulic,1470.4970301525545
1822,Jin Soo Son,1468.7679086384212
1823,Andre Ewell,1485.589542371968
1824,Marina Rodriguez,1530.1644092541135
1825,Augusto Sakai,1516.3974693672878
1826,Mayra Bueno Silva,1516.6566503215613
1827,Luigi Vendramini,1471.34068296701
1828,Ryan Spann,1540.6849774008722
1829,Livinha Souza,1491.3564838412258
1830,Jalin Turner,1536.1591684348618
1831,Jonathan Martinez,1591.9060099564113
1832,Chris Fishgold,1470.889042486098
1833,Don Madge,1531.263693206478
1834,Te Edwards,1469.5522383460502
1835,Thiago Moises,1524.4182373941605
1836,Maycee Barber,1604.039809541963
1837,Hannah Cifers,1451.198952221064
1838,Bobby Moffett,1471.3094039038167
1839,Devonte Smith,1493.8580103655443
1840,Johnny Walker,1528.0365947617931
1841,Ian Heinisch,1495.4225518797568
1842,Anderson Dos Santos,1470.8921475190923
1843,Laureano Staropoli,1468.7699170475591
1844,Jesus Pinedo,1500.5943590932459
1845,Sergei Pavlovich,1561.289518159488
1846,Vince Morales,1463.1943695920022
1847,Martin Day,1438.9880935079636
1848,Sumudaerji,1480.8290517255439
1849,Juan Espino,1513.96029208451
1850,Justin Frazier,1484.0
1851,Macy Chiasson,1568.3846601260827
1852,Pannie Kianzad,1491.0084604052217
1853,Edmen Shahbazyan,1513.1231464678258
1854,Antonina Shevchenko,1499.8639080720623
1855,Kevin Aguilar,1471.2136195495916
1856,Maurice Greene,1493.47569984964
1857,Michel Batista,1484.0
1858,Leah Letson,1498.848131649024
1859,Julija Stoliarenko,1451.9243818634072
1860,Roosevelt Roberts,1483.7942032868764
1861,Chris Gutierrez,1586.026078453912
1862,Sodiq Yusuff,1545.7831674073702
1863,Suman Mokhtarian,1467.294897257383
1864,Damir Ismagulov,1543.0491753516806
1865,Alex Gorgees,1484.0
1866,Kai Kara-France,1556.440652060664
1867,Jimmy Crute,1503.2638178455613
1868,Kyle Nelson,1499.4540182721269
1869,Dwight Grant,1473.1312409087059
1870,Jordan Griffin,1458.608451125036
1871,Juan Adams,1467.2896697746146
1872,Bevon Lewis,1469.9793248795602
1873,Greg Hardy,1487.5023784845964
1874,Ariane da Silva,1513.0446864911787
1875,Alonzo Menifield,1541.8226384320953
1876,Vinicius Moreira,1437.7235261479075
1877,Mario Bautista,1609.6265762143637
1878,Kyle Stewart,1467.4263844699497
1879,Sarah Frota,1470.6476198558462
1880,Geraldo de Freitas,1482.654607597065
1881,Felipe Colares,1472.252250893355
1882,Taila Santos,1523.8552876809258
1883,Jairzinho Rozenstruik,1569.387914342368
1884,Rogerio Bontorin,1483.4382509384445
1885,Anthony Hernandez,1582.9222762021275
1886,Marcos Mariano,1467.8623365955896
1887,Raulian Paiva,1490.7500624111124
1888,Callan Potter,1485.4304293802622
1889,Kron Gracie,1485.0740794548192
1890,Klidson Abreu,1486.3542106412158
1891,Ismail Naurdiev,1521.5179533317003
1892,Joel Alvarez,1562.5497942378913
1893,Ben Askren,1497.4082046754643
1894,Grant Dawson,1625.7301295647035
1895,Jeff Hughes,1454.8671774055624
1896,Nicolae Negumereanu,1527.272414271034
1897,Mike Grundy,1470.3672710947415
1898,Ryan MacDonald,1467.8099256790272
1899,Jordan Espinosa,1468.730990748596
1900,Kennedy Nzechukwu,1528.2955885680378
1901,Sabina Mazo,1483.4593216028338
1902,Casey Kenney,1533.1393592287973
1903,Zelim Imadaev,1453.0782417176094
1904,Boston Salmon,1467.2402861313553
1905,Randy Costa,1466.6089631373602
1906,Arman Tsarukyan,1622.6341737551518
1907,Alen Amedovski,1438.5742287182256
1908,Alex Da Silva,1471.6385971343864
1909,Rafael Fiziev,1553.5353903650625
1910,Movsar Evloev,1624.482140511344
1911,SeungWoo Choi,1475.2015321942317
1912,Thomas Gifford,1468.7994252524343
1913,Takashi Sato,1459.1036181384868
1914,Mike Davis,1548.5849425135657
1915,Virna Jandiroba,1571.7856753107583
1916,Serghei Spivac,1570.7245434966092
1917,Marc-Andre Barriault,1483.4956964880955
1918,Kyle Prepolec,1469.2715903223602
1919,Cole Smith,1483.9550280591952
1920,Luana Carolina,1537.6710567078424
1921,Carlos Huachin,1471.4707693731177
1922,Viviane Araujo,1516.79753954718
1923,Felicia Spencer,1508.0960183131847
1924,Derrick Krantz,1473.1993219102696
1925,Austin Hubbard,1473.7439819970887
1926,Charles Jourdain,1494.4257481324985
1927,Michel Pereira,1592.015152684328
1928,Sung Bin Jo,1481.9019092432197
1929,Sergey Khandozhko,1519.4366598485872
1930,Rostem Akman,1470.7488703669103
1931,Bea Malecki,1512.6143435424522
1932,Duda Santana,1484.0
1933,Danilo Belluardo,1468.0661178732219
1934,Grigory Popov,1466.8699175806832
1935,Deron Winn,1483.6819510205448
1936,Amanda Ribas,1545.462786871302
1937,Journey Newson,1457.3549648992223
1938,Dalcha Lungiambula,1451.4403231070771
1939,Dequan Townsend,1438.9619832520484
1940,Julia Avila,1509.4042233378464
1941,Nohelin Hernandez,1470.824953377755
1942,Wellington Turman,1461.5265516002157
1943,Brianna Fortino,1500.9556602908715
1944,John Allan,1470.1904500094297
1945,Gabriel Silva,1469.6693219743233
1946,Domingo Pilarte,1469.036259695475
1947,Yoshinori Horie,1484.742235545051
1948,Cole Williams,1470.7999895914124
1949,Miranda Granger,1465.5016308421523
1950,Hannah Goldy,1455.4332871745357
1951,Eduardo Garagorri,1487.1853411973955
1952,Rodolfo Vieira,1543.8860271524234
1953,Ciryl Gane,1620.475682108464
1954,Raphael Pessoa,1484.7320692327594
1955,Kazula Vargas,1470.8406168721333
1956,Khama Worthy,1481.9271850757416
1957,Mizuki,1514.0242756052562
1958,Da Woon Jung,1495.492927366281
1959,Khadis Ibragimov,1440.9479388985028
1960,Alatengheili,1543.0695485833999
1961,Batgerel Danaa,1483.851279121736
1962,Karol Rosa,1549.7444460423144
1963,Lara Procopio,1485.9775278448808
1964,JunYong Park,1570.2916122049892
1965,Liana Jojua,1465.7962499127455
1966,Ottman Azaitar,1497.4934915762806
1967,Fares Ziam,1563.3210779171216
1968,Lerone Murphy,1609.4468904574849
1969,Tristan Connelly,1487.0391270280468
1970,Miles Johns,1556.6418202602295
1971,Hunter Azure,1501.3625136316832
1972,Askar Askarov,1537.5746494472612
1973,Vanessa Melo,1471.723580191534
1974,Ariane Carnelossi,1515.185500182898
1975,Tyson Nam,1476.193745274802
1976,Mark Madsen,1532.9118434244194
1977,Makhmud Muradov,1529.9824040624517
1978,Giga Chikadze,1586.7628972432499
1979,Jack Shore,1554.4913762011704
1980,Yorgan De Castro,1466.6499290751335
1981,Justin Tafa,1502.379342601958
1982,Zarah Fairn,1441.1708557500433
1983,Maki Pitolo,1439.0404179242532
1984,Brad Riddell,1515.9162934233714
1985,Jamie Mullarkey,1491.2651153348297
1986,Bruno Silva,1504.1984734424425
1987,Miguel Baeza,1484.2512072433256
1988,Ben Sosoli,1484.5777272794771
1989,Jonathan Pearce,1516.3971694693475
1990,Diana Belbita,1456.6198704346486
1991,Sean Woodson,1572.9719988753855
1992,Tanner Boser,1498.5703913122684
1993,Sean Brady,1602.767297392033
1994,Brendan Allen,1624.8483289502115
1995,Don'Tale Mayes,1491.249859378851
1996,Loma Lookboonmee,1555.7999903460122
1997,Shamil Gamzatov,1500.139546244694
1998,Abubakar Nurmagomedov,1501.280293737593
1999,Roman Kopylov,1534.7109639579483
2000,Tracy Cortez,1559.6939238281147
2001,Isabela de Padua,1482.5957556955877
2002,Andre Muniz,1564.2177103578706
2003,Antonio Arroyo,1453.4488387339156
2004,Billy Quarantillo,1527.2086110358616
2005,Jacob Kilburn,1468.0
2006,Joe Solecki,1532.4342548001437
2007,Mallory Martin,1466.6455164613985
2008,Chase Hooper,1542.0546312202794
2009,Punahele Soriano,1497.4152305243163
2010,Omar Morales,1481.8004157989478
2011,Ode Osbourne,1467.2710690404272
2012,Aleksa Camur,1466.9783372341697
2013,Jamahal Hill,1570.1431583640283
2014,Herbert Burns,1468.7302492687252
2015,Nate Landwehr,1535.6587608683656
2016,Tony Gravely,1499.1553872760837
2017,Youssef Zalal,1526.2231423922963
2018,Austin Lingo,1484.114217278164
2019,Khaos Williams,1565.150475675153
2020,Brok Weaver,1484.065813761434
2021,Daniel Rodriguez,1562.1597302083371
2022,Shanna Young,1470.0873457450602
2023,Josh Culibao,1486.4653258163921
2024,Norma Dumont,1596.2807278748846
2025,Darrick Minner,1475.8805916823346
2026,Kyler Phillips,1558.418557715356
2027,Steve Garcia,1562.8313646852666
2028,TJ Brown,1473.2691704710267
2029,Spike Carlyle,1483.3886499492135
2030,Aalon Cruz,1468.736306793522
2031,Jamall Emmers,1488.017397356743
2032,David Dvorak,1496.6629530941811
2033,Philipe Lins,1535.1613632906203
2034,Ike Villanueva,1437.5089981384479
2035,Rodrigo Nascimento,1534.1300491266757
2036,Irwin Rivera,1486.868653354562
2037,Gabe Green,1487.1856559670857
2038,Brandon Royval,1575.2984207014495
2039,Christian Aguilera,1484.7199563304848
2040,Anthony Ivy,1469.0275888474837
2041,Mariya Agapova,1469.6073052307513
2042,Gustavo Lopez,1487.6704034995632
2043,Zarrukh Adashev,1469.0107769570707
2044,Justin Jaynes,1454.0038156371634
2045,Max Rohskopf,1483.369746777676
2046,Kyle Daukaus,1473.626784759414
2047,Jason Witt,1471.124132007265
2048,Kay Hansen,1468.0661832347098
2049,Jinh Yu Frey,1440.4509876560276
2050,Jiri Prochazka,1546.4718697584472
2051,Roman Bogatov,1488.126802596745
2052,Maxim Grishin,1486.2358882019407
2053,Zhalgas Zhumagulov,1427.3213128213126
2054,Mounir Lazzez,1502.219609114365
2055,Modestas Bukauskas,1505.315287812531
2056,Andreas Michailidis,1468.792563426495
2057,Khamzat Chimaev,1636.783348894785
2058,Roman Dolidze,1577.7398638694235
2059,Amir Albazi,1575.4465230499445
2060,Malcolm Gordon,1457.6467588332073
2061,Carlos Felipe,1516.303823646611
2062,Rhys McKee,1441.645911831884
2063,Tom Aspinall,1618.021688079107
2064,Niklas Stolze,1453.6987377400364
2065,John Castaneda,1519.796583438749
2066,Jai Herbert,1496.2446620596145
2067,Nate Maness,1542.74948507808
2068,Johnny Munoz,1469.0465870633684
2069,Vince Cachero,1468.0638974682836
2070,Cody Durden,1528.5834595545412
2071,Alexander Munoz,1486.8532063567864
2072,Peter Barrett,1470.0079414082868
2073,Ali AlQaisi,1467.3584524778157
2074,Joaquin Buckley,1598.1190400678806
2075,Danny Chavez,1484.2876170906368
2076,Chris Daukaus,1506.7138393929872
2077,Parker Porter,1494.5688435699008
2078,Kai Kamaka,1481.959964867244
2079,Tony Kelley,1501.9720790544995
2080,Jordan Wright,1450.6227372966744
2081,Matthew Semelsberger,1498.5769239335832
2082,Carlton Minus,1468.371433709617
2083,Timur Valiev,1517.774944824534
2084,Trevin Jones,1457.4802347130603
2085,Bill Algeo,1502.9965487675233
2086,Impa Kasanganay,1498.7757773750952
2087,Austin Springer,1485.083847601562
2088,Ray Rodriguez,1473.1714515822941
2089,Kevin Croom,1458.001276236012
2090,Alexandr Romanov,1540.4087403029348
2091,Roque Martinez,1452.0630909239658
2092,Sarah Alpar,1468.5024858553481
2093,TJ Laramie,1470.2441426943933
2094,Jerome Rivera,1437.729273740026
2095,Ludovit Klein,1576.2103225017584
2096,William Knight,1481.1813540300077
2097,Danilo Marques,1495.51611274017
2098,Cameron Else,1467.9388752622076
2099,Dusko Todorovic,1481.71909613558
2100,Nassourdine Imavov,1590.3621163112634
2101,Jordan Williams,1455.2477024896525
2102,Dricus Du Plessis,1640.091286598975
2103,Alan Baudot,1454.6679736102449
2104,Ilia Topuria,1637.1522380044871
2105,Stephanie Egger,1485.5864586696587
2106,Tagir Ulanbekov,1545.3715027597818
2107,KB Bhullar,1469.2804459294696
2108,Guram Kutateladze,1503.3516554235532
2109,Mateusz Gamrot,1577.7733745470075
2110,Mark Striegl,1472.160477189491
2111,Phil Hawes,1493.5258676549583
2112,Jacob Malkoun,1520.0049893345188
2113,Liliya Shakirova,1485.0455471383484
2114,Shavkat Rakhmonov,1607.1126449278647
2115,Miranda Maverick,1558.1396266625225
2116,Charlie Ontiveros,1455.8305423004163
2117,Adrian Yanez,1556.4697031452974
2118,Victor Rodriguez,1468.1000312672961
2119,Kevin Natividad,1454.1496667051451
2120,Jamey Simmons,1470.619812217345
2121,Ramiz Brahimaj,1483.6918988749364
2122,Kanako Murata,1483.0700649959806
2123,Cory McKenna,1495.6988853878981
2124,Sasha Palatnikov,1482.3991669280347
2125,Louis Cosce,1469.4282057787043
2126,Jared Gooden,1460.804892602454
2127,Dustin Stoltzfus,1462.0900553532513
2128,Josh Parisian,1453.8534944642604
2129,Jordan Leavitt,1514.1060896958131
2130,Sam Hughes,1496.3649609536756
2131,Jimmy Flick,1483.6285189851867
2132,Tafon Nchukwi,1465.3336132121956
2133,Jamie Pickett,1426.5613054914
2134,Joselyne Edwards,1510.9914783569193
2135,Francisco Figueiredo,1497.3672513266208
2136,Mason Jones,1484.8680182832636
2137,Umar Nurmagomedov,1597.1606823810337
2138,Sergey Morozov,1517.3418862082335
2139,Manon Fiorot,1611.3739863869414
2140,Victoria Leonardo,1456.824384804911
2141,Gaetano Pirrello,1470.445076675571
2142,Michael Chandler,1509.6499493344468
2143,Manel Kape,1523.5315973219244
2144,Phil Rowe,1507.1479288061928
2145,Jared Vanderaa,1428.7125083042888
2146,Casey O'Neill,1539.2477518593053
2147,Drako Rodriguez,1466.69375637997
2148,Ronnie Lawrence,1514.5428790409667
2149,Carlos Ulberg,1578.851151287998
2150,Uros Medic,1532.289425675843
2151,Marcelo Rojo,1454.9823918635789
2152,Rafa Garcia,1511.007607461252
2153,Gloria de Paula,1467.4814949244967
2154,Montserrat Conejo Ruiz,1468.7631443634205
2155,Cheyanne Vlismas,1499.0665624284763
2156,Jesse Strader,1469.4817605442952
2157,JP Buys,1440.3783714714305
2158,Harry Hunsucker,1454.1558257061643
2159,Fabio Cherant,1453.4848973531068
2160,Luis Saldana,1514.1169852949565
2161,Ignacio Bahamondes,1549.480096676757
2162,Loopy Godinez,1528.5465748809115
2163,Dakota Bush,1468.193686017146
2164,Pat Sabatini,1555.3120816051949
2165,Rongzhu,1469.0405120183157
2166,Liang Na,1438.4043829243496
2167,Jeff Molina,1544.3996432578408
2168,Aoriqileng,1486.7927118555108
2169,Luana Pinheiro,1509.7971528622963
2170,Carlston Harris,1531.9205211689102
2171,Tucker Lutz,1468.9035370672937
2172,Chris Barnett,1484.9246439393887
2173,Shayilan Nuerdanbieke,1494.0706362891017
2174,Juancamilo Ronderos,1470.1083666532093
2175,Rafael Alves,1473.9223961784958
2176,Gregory Rodrigues,1575.6642761664552
2177,Kamuela Kirk,1484.4330570294273
2178,Tabatha Ricci,1563.4042341677311
2179,Terrance McKinney,1510.5357322392535
2180,Jeremiah Wells,1529.4383397761462
2181,Kris Moutinho,1469.333702409554
2182,Preston Parsons,1489.7126129651908
2183,Elise Reed,1502.0285252147778
2184,Melsik Baghdasaryan,1529.1560044295222
2185,Collin Anglin,1469.3140341958485
2186,Orion Cosce,1482.6020203112998
2187,Melissa Gatto,1514.7714075026822
2188,Saidyokub Kakhramonov,1518.8581015954433
2189,Josiane Nunes,1510.9224960963568
2190,Bryan Battle,1571.0915623290302
2191,Gilbert Urbina,1485.3424530968007
2192,Ricky Turcios,1497.8445350746156
2193,Brady Hiestand,1531.9599839126083
2194,Andre Petroski,1565.8906000174804
2195,Micheal Gillmore,1467.9509981601082
2196,Vanessa Demopoulos,1527.5884946105668
2197,Mana Martinez,1496.5597196514477
2198,Liudvik Sholinian,1469.9904886930635
2199,Paddy Pimblett,1594.6014745724121
2200,Mandy Bohm,1481.500723682133
2201,Erin Blanchfield,1580.474058010042
2202,Brandon Jenkins,1470.1738694527214
2203,Nick Maximov,1499.334114230055
2204,Cody Brundage,1489.0412270600536
2205,Martin Sano,1484.6737153904216
2206,Mike Breeden,1473.2968688784686
2207,Silvana Gomez Juarez,1468.3243434084684
2208,Erick Gonzalez,1456.40728349273
2209,Istela Nunes,1439.1016144841235
2210,Maria Oliveira,1467.4086773878612
2211,David Onama,1532.8801368120803
2212,Daniel Lacerda,1425.530973360281
2213,Zviad Lazishvili,1484.6740163802328
2214,Albert Duraev,1502.5668737043793
2215,Benoit Saint Denis,1540.3989393969803
2216,Allan Nascimento,1518.0781507357235
2217,Alex Pereira,1638.7578517541954
2218,Ian Machado Garry,1622.2574362267942
2219,Bruno Souza,1469.3512702712444
2220,CJ Vergara,1482.7373503842205
2221,Chris Curtis,1538.5688002345967
2222,Natan Levy,1498.9159042820136
2223,Darian Weeks,1454.2341161728439
2224,Viacheslav Borshchev,1502.3517696180645
2225,Joseph Holmes,1467.9550715772357
2226,Joanderson Brito,1550.4625670493924
2227,Andre Fialho,1462.7798150244155
2228,Michael Morales,1584.916279031826
2229,Saimon Oliveira,1468.792715070594
2230,Jack Della Maddalena,1614.4780295817081
2231,Pete Rodriguez,1484.65313728881
2232,Genaro Valdez,1452.1251818670735
2233,Jasmine Jasudavicius,1546.5568935574752
2234,Victor Henry,1539.7306972942376
2235,Tresean Gore,1486.1410147414863
2236,Chidi Njokuani,1513.2909306366441
2237,Denys Bondar,1453.5909769996942
2238,Jailton Almeida,1594.6574982184402
2239,AJ Dobson,1470.793399337712
2240,Blood Diamond,1454.2159794794477
2241,Nikolas Motta,1503.3806878345194
2242,Jay Perrin,1453.5630677025556
2243,Christian Rodriguez,1532.8695542987082
2244,Chad Anheliger,1499.9406196794023
2245,Armen Petrosyan,1501.816335925044
2246,Ramona Pascual,1454.2182806268193
2247,Carlos Hernandez,1484.6313958515984
2248,Victor Altamirano,1465.496064010571
2249,AJ Fletcher,1473.2866923040306
2250,Azamat Murzakanov,1565.7195952238064
2251,Javid Basharat,1530.5585418726096
2252,Muhammad Mokaev,1601.821701988759
2253,Aliaskhab Khizriev,1516.0
2254,Denis Tiuliulin,1443.189450278827
2255,Mike Malott,1534.282423335481
2256,Piera Rodriguez,1497.56715259384
2257,Daniel Santos,1518.1615345267655
2258,Josh Fremd,1470.9820944552087
2259,Ange Loosa,1499.0687498524956
2260,Caio Borralho,1606.576217443281
2261,Gadzhi Omargadzhiev,1468.683355846009
2262,Martin Buday,1554.8973111369337
2263,Trey Ogden,1517.8086181071023
2264,Dean Barry,1483.263693206478
2265,Evan Elder,1499.5200503663245
2266,Yohan Lainesse,1468.207053712323
2267,Cameron VanCamp,1468.2465785752834
2268,Kleydson Rodrigues,1470.7659610842222
2269,Fernie Garcia,1439.0960775298136
2270,Manuel Torres,1529.2351874310593
2271,Jake Hadley,1483.9140407418538
2272,Tatsuro Taira,1571.1719915601075
2273,Carlos Candelario,1467.9675786085306
2274,Lucas Almeida,1502.5148911315125
2275,Karine Silva,1562.0912725010774
2276,Askar Mozharov,1484.7492798486849
2277,Rinat Fakhretdinov,1582.0091636496174
2278,Dan Argueta,1470.2281513454475
2279,Maheshate,1498.6819938674903
2280,Natalia Silva,1591.3439809784804
2281,Garrett Armfield,1500.5025500699587
2282,Emily Ducote,1482.908542913946
2283,Charles Johnson,1536.1809271230798
2284,Hamdy Abdelwahab,1500.0
2285,Adam Fugitt,1502.7256322546684
2286,Ihor Potieria,1464.1474575377053
2287,Mohammed Usman,1509.3865119699024
2288,Zac Pauga,1466.7224237052692
2289,Juliana Miller,1481.4829347112718
2290,Brogan Walker,1468.0
2291,Yazmin Jauregui,1510.3174444312406
2292,Iasmin Lucindo,1549.645751165328
2293,Da'Mon Blackshear,1489.4117410147023
2294,Lukasz Brzeski,1460.790869363976
2295,Josh Quinlan,1466.9249673720608
2296,William Gomis,1563.4330549797683
2297,Jarno Errens,1470.185311845612
2298,Abus Magomedov,1523.655229564211
2299,Ailin Perez,1544.7320713007218
2300,Cristian Quinonez,1485.5692675541138
2301,Michal Figlak,1467.5186825459018
2302,Gabriel Miranda,1483.4921599807483
2303,Danyelle Wolf,1484.8332659299374
2304,Melissa Martinez,1499.26753289523
2305,Anton Turkalj,1441.9908245302195
2306,Joe Pyfer,1545.5622312305595
2307,Denise Gomes,1517.4596520256366
2308,Daniel Zellhuber,1514.5146576228444
2309,Don Shainis,1471.653130499749
2310,Chelsea Chandler,1500.6879665139163
2311,Lucas Alexander,1483.3976991835084
2312,Waldo Cortes-Acosta,1557.0189091990735
2313,Carlos Mota,1484.0249653705541
2314,Joshua Weems,1483.3044568767157
2315,Tamires Vidal,1466.567990293491
2316,Tereza Bleda,1500.7329752030234
2317,Francis Marshall,1498.9129166109012
2318,Raul Rosas Jr.,1544.1066269087603
2319,Erik Silva,1469.6957416618095
2320,Cameron Saaiman,1512.4392697355381
2321,Steven Koslow,1484.0
2322,Alessandro Costa,1503.2141561873614
2323,Claudio Ribeiro,1469.3234999907504
2324,Mateusz Rebecki,1547.9974158183625
2325,Nick Fiore,1468.4967475192261
2326,Nick Aguirre,1468.0753307413063
2327,Mateus Mendonca,1456.189387308165
2328,Brunno Ferreira,1514.6668857297648
2329,Gabriel Bonfim,1535.0490737670152
2330,Luan Lacerda,1469.4325114363373
2331,Ismael Bonfim,1520.2180912981967
2332,Daniel Marcos,1547.982231473508
2333,Melquizael Costa,1503.8718489252244
2334,Yusaku Kinoshita,1468.0691330427412
2335,Anshul Jubli,1497.1967495888346
2336,Jeka Saragih,1483.3084522403472
2337,JeongYeong Lee,1514.3199647696126
2338,Yizha,1467.4001676713076
2339,Rinya Nakamura,1544.377715974367
2340,Toshiomi Kazama,1484.701842651388
2341,HyunSung Park,1529.7732015012416
2342,SeungGuk Choi,1484.0
2343,Jesus Aguilar,1531.197818487759
2344,Shannon Ross,1453.556602040677
2345,Francisco Prado,1486.3377475774523
2346,Jack Jenkins,1528.7528250293062
2347,Blake Bilder,1481.6385678747165
2348,Elves Brener,1515.1146065648647
2349,Jamal Pogues,1515.189210437
2350,Khusein Askhabov,1483.3601484844746
2351,Themba Gorimbo,1545.3882154731227
2352,Clayton Carpenter,1530.6242895737928
2353,Nazim Sadykhov,1529.7192056478286
2354,Nurullo Aliev,1515.5136623808964
2355,Gabriella Fernandes,1485.4711192514974
2356,Victor Martinez,1468.665060758631
2357,Carl Deaton,1469.4349104117923
2358,Trevor Peek,1482.2308897754938
2359,Bo Nickal,1544.7233247162437
2360,Farid Basharat,1562.4190094508133
2361,Loik Radzhabov,1499.3153518282309
2362,Esteban Ribovics,1534.6350177987094
2363,Vitor Petrino,1543.8828096832801
2364,Karl Williams,1525.609814262767
2365,Sedriques Dumas,1512.7694051520489
2366,Chris Duncan,1531.8081581377464
2367,Jafel Filho,1518.5069704376017
2368,Gabriel Santos,1487.5685315092792
2369,Christian Leroy Duncan,1514.6945054572307
2370,Yanal Ashmouz,1515.9099434837708
2371,Sam Patterson,1515.2732293564409
2372,Vinicius Salvador,1456.084052227039
2373,Jaqueline Amorim,1534.4122089624477
2374,Bruna Brasil,1503.6029249609426
2375,Gaston Bolanos,1498.5184323297378
2376,Junior Tafa,1488.9890875014373
2377,Fernando Padilla,1514.8558258859473
2378,Irina Alekseeva,1500.041204742154
2379,Marcus McGhee,1543.283322684484
2380,Jamey-Lyn Horth,1498.2030598282915
2381,Hailey Cowan,1484.0
2382,Trey Waters,1532.639774420175
2383,Diego Lopes,1577.0612497198206
2384,Rolando Bedoya,1455.13009070977
2385,Braxton Smith,1483.7978973144723
2386,Ikram Aliskerov,1522.9263074136463
2387,Tainara Lisboa,1530.8309022410565
2388,Ketlen Souza,1517.932706446754
2389,Muin Gafurov,1491.4050653138179
2390,Jesse Butler,1471.1617989072342
2391,Muhammad Naimov,1530.934288223091
2392,Steve Erceg,1518.9476896043277
2393,Austen Lane,1486.2497665649587
2394,Joshua Van,1540.360201236736
2395,Chepe Mariscal,1563.919314186096
2396,Nursulton Ruziboev,1518.3529558201753
2397,Westin Wilson,1486.947607969598
2398,Ivana Petrovic,1498.3705476366135
2399,Val Woodburn,1469.37711031826
2400,Terrence Mitchell,1470.0362510852945
2401,Edgar Chairez,1485.1358994277473
2402,Bassil Hafez,1503.9816271890984
2403,Viktoriia Dudakova,1508.8634317202705
2404,Azat Maksum,1497.4804103068582
2405,Mick Parkin,1561.104926998033
2406,Shauna Bannon,1500.002614702159
2407,Daniel Barez,1499.270581677492
2408,Jonny Parsons,1516.667045390844
2409,Darrius Flowers,1455.5777600109475
2410,Dennis Buzukja,1470.5462301136613
2411,Asu Almabayev,1563.3096333425133
2412,Isaac Dulgarian,1516.0886525430437
2413,Luana Santos,1527.9543142955042
2414,Jose Johnson,1486.183266116159
2415,Billy Ray Goff,1499.2995410490023
2416,Bogdan Guskov,1518.6015052846465
2417,Yanis Ghemmouri,1471.5908632039602
2418,Jacqueline Cavalcanti,1546.6963057463431
2419,Caolan Loughran,1485.1940177299832
2420,Nora Cornolle,1517.17492608935
2421,Morgan Charriere,1516.734243197467
2422,Manolo Zecchini,1484.0
2423,Felipe dos Santos,1486.9814622247136
2424,Landon Quinones,1470.158552159819
2425,Charles Radtke,1513.3445349917467
2426,Kevin Jousset,1517.4547753162171
2427,Kiefer Crosbie,1468.7367661271164
2428,Charlie Campbell,1531.2790079121291
2429,Josefine Knutsson,1531.263693206478
2430,Marnic Mann,1468.0337215017282
2431,Montserrat Rendon,1499.903299473578
2432,Ravena Oliveira,1484.7154589556562
2433,Brendon Marotte,1469.3168998563476
2434,Melissa Mullins,1500.7991891210631
2435,Shara Magomedov,1562.5418423045905
2436,Mohammad Yahya,1467.8961392896058
2437,Kaynan Kruschewsky,1467.699160765397
2438,Eduarda Moura,1498.5989393439945
2439,Kaue Fernandes,1499.6680036419991
2440,Kevin Borjas,1468.7374210404391
2441,Payton Talbott,1545.744791177708
2442,Myktybek Orolbai,1518.757668491798
2443,Caio Machado,1469.0911559494884
2444,Rafael Estevam,1515.2673064481696
2445,Zachary Reese,1515.9119615117156
2446,Rodolfo Bellato,1515.474184357322
2447,Talita Alencar,1499.263693206478
2448,Rayanne dos Santos,1468.736306793522
2449,Shamil Gaziev,1519.781168884785
2450,Jean Silva,1548.3683173491593
2451,Tom Nolan,1514.1108189592326
2452,Felipe Bunes,1485.317754951079
2453,Ramon Taveras,1516.0
2454,Serhiy Sidey,1484.0
2455,MarQuel Mederos,1515.3322132087055
2456,Thomas Petersen,1501.9498354624006
2457,Robert Bryczek,1482.7638507875286
2458,Bolaji Oki,1499.9907388657984
2459,Timmy Cuamba,1468.1214035256087
2460,Hyder Amil,1530.6406498896513
2461,Carlos Prates,1551.438297858472
2462,Carlos Vera,1485.3664319960967
2463,Zhang Mingyang,1516.0
2464,Brendson Ribeiro,1468.736306793522
2465,Danny Barlow,1531.2053029618517
2466,Oban Elliott,1530.8321300450066
2467,Ronaldo Rodriguez,1529.0316609639901
2468,Bekzat Almakhan,1487.0109749834364
2469,Vinicius Oliveira,1534.25311708114
2470,Benardo Sopaj,1484.0
2471,AJ Cunningham,1485.5197020257817
2472,Abdul-Kareem Al-Selwady,1484.0
2473,Michael Page,1507.4797146561805
2474,Robelis Despaigne,1482.4001434472239
2475,Danny Silva,1516.858024423613
2476,Charalampos Grigoriou,1466.5247203120807
2477,Mitch Ramirez,1485.1599620036818
2478,Steven Nguyen,1482.5065357619271
2479,Daria Zhelezniakova,1501.3444558470585
2480,Andre Lima,1545.9018356207914
2481,Igor Severino,1484.0
2482,Luis Pajuelo,1483.9447654072455
2483,Connor Matthews,1482.590857438472
2484,Ibo Aslan,1529.3397087124472
2485,Angel Pacheco,1483.327934866059
2486,Valter Walker,1498.2312805074819
2487,Victor Hugo,1501.4641668138972
2488,Pedro Falcao,1484.0
2489,Jean Matsumoto,1531.8023229913383
2490,Cesar Almeida,1515.1673957553978
2491,Dylan Budka,1471.1376933749582
2492,Kayla Harrison,1536.4742735130278
2493,Jhonata Diniz,1532.5368627180646
2494,Chris Padilla,1530.5099746867668
2495,James Llontop,1468.1135293056768
2496,Mauricio Ruffy,1516.350663411178
2497,Dione Barbosa,1501.2591512535753
2498,Ernesta Kareckaite,1484.0
2499,Oumar Sy,1531.782435845874
2500,Tuco Tokkos,1484.0
2501,Mitch Raposo,1484.736306793522
2502,Puja Tomar,1515.263693206478
2503,Carli Judice,1482.5305758760805
2504,Julia Polastri,1502.034919913321
2505,Antonio Trocoli,1484.8106462274006
2506,Magomed Gadzhiyasulov,1515.263693206478
2507,ChangHo Lee,1516.0
2508,Xiao Long,1484.0
2509,Felipe Lima,1518.250010399216
2510,Rei Tsuruya,1516.030480495324
2511,Fatima Kline,1485.4707644751861
2512,Alice Ardelean,1467.2302480130068
2513,Jordan Vucenic,1483.3897137072704
2514,Nikolay Veretennikov,1484.733494246962
2515,Quang Le,1487.3288009144007
2516,Stephanie Luciano,1516.736306793522
2517,Stewart Nicoll,1484.7331337306935
2518,Mairon Santos,1516.0
2519,Kaan Ofli,1484.0
2520,Ryan Loder,1516.0
2521,Robert Valentin,1484.0
2522,Jose Daniel Medina,1483.9957499561322
2523,Wang Cong,1514.6911741275796
2524,Nathan Fletcher,1516.0
2525,Zygimantas Ramaska,1484.0
2526,Ivan Erslan,1482.6303125814184
2527,Ramazan Temirov,1515.9390461004107
2528,Sean Sharaf,1482.6990697049862
2529,Cody Haddon,1515.3355669942562
2530,Lucas Rocha,1484.7055053772028
2531,Cameron Smotherman,1515.9958503306282
2532,Rafael Cerqueira,1484.6436080587127
2533,Carlos Leal,1487.1431862972718
